date_publication,reference,objet,acheteurs_public,lieux,date_limite,estimation,caution,url
12/08/2026,16/2026/MAECAMRE,MAINTENANCE DES EQUIPEMENTS DE L’INFRASTRUCTURE DES SYSTEMES AVEC FOURNITURE DE PIECES DE RECHANGE POUR LE MINISTERE DES AFFAIRES ETRANGERES DE LA COOPERATION AFRICAINE ET DES MAROCAINS RESIDANT A L'ETRANGER A RABAT.,"MINISTERE DES AFFAIRES ETRANGERES, DE LA COOPERATION AFRICAINE ET DES MAROCAINS RESIDANT A L'ETRANGER",RABAT,"{'date': '24/09/2026', 'time': '11:00'}","1 404 000,00","27 000,00 MAD ",https://www.marchespublics.gov.ma/index.php?page=entreprise.EntrepriseDetailConsultation&refConsultation=1008094&orgAcronyme=d2f
12/08/2026,12/2026/DGI,l’acquisition  des licences de la passerelle mail Proofpoint de la Direction Générale des Impôts (lot unique).,DIRECTEUR DES IMPOTS -RABAT,RABAT,"{'date': '24/09/2026', 'time': '10:00'}","2 124 000,00","40 000,00 MAD ",https://www.marchespublics.gov.ma/index.php?page=entreprise.EntrepriseDetailConsultation&refConsultation=1009320&orgAcronyme=g8e
07/08/2026,03F/ENSAM/2026,"Achat de Matériel d’Enseignement destiné à L’Ecole Nationale Supérieure d’Arts et Métiers de Casablanca Relevant de L’Université Hassan II de Casablanca en 2 Lots :
-	Lot N°1 : Achat de Matériel d’Enseignement dans le Cadre du Programme du Digital 
-	Lot N°2 : Achat de Matériel d’Enseignement au profit de l’ENSAM Casablanca",ECOLE NATIONALE SUPERIEURE D'ARTS ET METIERS - CASABLANCA,MAROC,"{'date': '23/09/2026', 'time': '10:00'}",,,https://www.marchespublics.gov.ma/index.php?page=entreprise.EntrepriseDetailConsultation&refConsultation=1031547&orgAcronyme=z7x
12/08/2026,02/2026,"l'Achat de fournitures de Bureau et de consommables informatiques pour le compte du Ministère de la Jeunesse, de la Culture et de la Communication - Département de la Communication - à Rabat (2 lots séparés) 
•	Lot n° 1 : Fournitures de Bureau ;
•	Lot n° 2 : Consommables Informatiques.",DOMAINE DE LA COMMUNICATION,RABAT,"{'date': '22/09/2026', 'time': '11:00'}",,,https://www.marchespublics.gov.ma/index.php?page=entreprise.EntrepriseDetailConsultation&refConsultation=1015776&orgAcronyme=x6c
06/08/2026,10/2026,"l’acquisition de matériel informatique au profit de l’INRH composé de quatre lots :
Lot 1 : Acquisition et mise en service de Serveurs, Stockage et Points d'accès Wifi
Lot 2 : Acquisition d’ordinateurs portable et ordinateurs de bureau 
Lot 3 : Acquisition d'imprimantes, Onduleurs et Contrôles d'accès
Lot 4 : Acquisition de photocopieurs",INSTITUT NATIONAL DE RECHERCHE HALIEUTIQUE,TANGER-ASSILAH,"{'date': '22/09/2026', 'time': '11:00'}",,,https://www.marchespublics.gov.ma/index.php?page=entreprise.EntrepriseDetailConsultation&refConsultation=1030824&orgAcronyme=u6i
07/08/2026,55/2026,"ACHAT DE MATERIEL INFORMATIQUE ET DU LOGICIEL DESTINES AUX ETABLISSEMENTS DE JEUNES RELEVANT DU DEPARTEMENT DE LA JEUNESSE EN TROIS LOTS.
LOT N°1- ACHAT DE MATERIEL INFORMATIQUE DESTINES AUX ETABLISSEMENTS DE JEUNES RELEVANT DES REGIONS : TANGER-TETOUAN-AL HOCEIMA, L’ORIENTAL, FES –MEKNES, RABAT-SALE – KENITRA.
LOT N°2- ACHAT DE MATERIEL INFORMATIQUE DESTINES AUX ETABLISSEMENTS DE JEUNES RELEVANT DES REGIONS : BENI MELLAL-KHENIFRA, CASABLANCA-SETTAT, MARRAKECH-SAFI, DARAA-TAFILALET, SOUSS-MASSA, GUELMIM-OUED NOUN, LAAYOUNE SAKIA EL HAMRA, DAKHLA-OUED EDDAHAB.
LOT N°3- ACHAT DE LOGICIEL DESTINES AUX ETABLISSEMENTS DE JEUNES RELEVANT DES REGIONS : TANGER-TETOUAN-AL HOCEIMA, L’ORIENTAL, FES –MEKNES, RABAT-SALE – KENITRA, BENI MELLAL-KHENIFRA, CASABLANCA-SETTAT, MARRAKECH-SAFI, DARAA-TAFILALET, SOUSS-MASSA, GUELMIM-OUED NOUN, LAAYOUNE SAKIA EL HAMRA, DAKHLA-OUED EDDAHAB.",DOMAINE DE LA JEUNESSE ET DES SPORTS,TANGER-ASSILAH,"{'date': '22/09/2026', 'time': '10:30'}",,,https://www.marchespublics.gov.ma/index.php?page=entreprise.EntrepriseDetailConsultation&refConsultation=1021119&orgAcronyme=s3d
24/07/2026,08/2026/DRHAG,"Développement et mise en place d’une plateforme intégrée, orientée usagers, dédiée à la diffusion, à la valorisation et à la gouvernance des données statistiques et des publications du HCP.",HAUT COMMISSARIAT AU PLAN,RABAT,"{'date': '22/09/2026', 'time': '10:00'}","4 980 000,00","95 000,00 MAD ",https://www.marchespublics.gov.ma/index.php?page=entreprise.EntrepriseDetailConsultation&refConsultation=1012047&orgAcronyme=g7n
11/08/2026,AO/CB/15/2026,Evolution et développement du système d’information de pilotage des prestations déléguées de collecte des déchets et de nettoiement pour le compte de la commune de Casablanca,SOCIETE CASABLANCA BAÏA,CASABLANCA,"{'date': '21/09/2026', 'time': '11:00'}","5 640 000,00","112 800,00 MAD ",https://www.marchespublics.gov.ma/index.php?page=entreprise.EntrepriseDetailConsultation&refConsultation=1032093&orgAcronyme=a1z
07/08/2026,66/2026,"l’acquisition, l’installation et la mise en service d’une solution de traçabilité des transits par scellés électroniques pour le compte de l’administration des douanes et impôts indirects (lot unique)",DIRECTEUR DES DOUANES ET IMPOTS INDIRECTS RABAT,RABAT,"{'date': '18/09/2026', 'time': '10:00'}","4 260 000,00","30 000,00 MAD ",https://www.marchespublics.gov.ma/index.php?page=entreprise.EntrepriseDetailConsultation&refConsultation=1019849&orgAcronyme=g8e
11/08/2026,21/PUITK/2026,"Acquisition du matériel informatique au profit du centre d’excellence automobile et aéronautique de la Faculté des Sciences de l’Université Ibn Tofail de Kénitra, lancé en lot unique.",PRESIDENCE DE L'UNIVERSITE IBN TOFAIL KENITRA,KENITRA,"{'date': '17/09/2026', 'time': '11:30'}","320 640,00","5 000,00 MAD ",https://www.marchespublics.gov.ma/index.php?page=entreprise.EntrepriseDetailConsultation&refConsultation=1031978&orgAcronyme=z7x
05/08/2026,31/UMVR/2026,Acquisition de matériel et des équipements informatiques dans le cadre du PE n° 5/2024 à l'ENSIAS relavant de l'Université Mohammed V de Rabat.,PRESIDENCE DE L'UNIVERSITE MOHAMMED V DE RABAT,RABAT,"{'date': '17/09/2026', 'time': '11:00'}","1 153 680,00","23 000,00 MAD ",https://www.marchespublics.gov.ma/index.php?page=entreprise.EntrepriseDetailConsultation&refConsultation=1030308&orgAcronyme=z7x
06/08/2026,45/2026,"Acquisition, mise en service et maintenance d’une plateforme d’hébergement dédiée aux solutions de management et de supervision des systèmes d’information de Barid Al-Maghrib (Marché à tranche conditionnelle)",POSTE MAROC,RABAT,"{'date': '17/09/2026', 'time': '11:00'}","3 720 000,00","70 000,00 MAD ",https://www.marchespublics.gov.ma/index.php?page=entreprise.EntrepriseDetailConsultation&refConsultation=1031099&orgAcronyme=m1w
05/08/2026,30/UMVR/2026,Acquisition de matériel informatique au profit du Centre Universitaire de Recherche en Technologie Spatiales (CURTS) à L'EMI relevant de l’Université Mohammed V de Rabat.,PRESIDENCE DE L'UNIVERSITE MOHAMMED V DE RABAT,RABAT,"{'date': '17/09/2026', 'time': '10:30'}","717 144,00","14 000,00 MAD ",https://www.marchespublics.gov.ma/index.php?page=entreprise.EntrepriseDetailConsultation&refConsultation=1030566&orgAcronyme=z7x
06/08/2026,37/2026/TGR,"l’acquisition, l’installation et la mise en œuvre d’une solution de gestion des informations et des évènements de sécurité ainsi que les prestations de maintenance y afférentes au profit de la Trésorerie Générale du Royaume, en lot unique.",TRESORERIE GENERALE DU ROYAUME,RABAT,"{'date': '17/09/2026', 'time': '10:00'}","4 704 000,00","65 000,00 MAD ",https://www.marchespublics.gov.ma/index.php?page=entreprise.EntrepriseDetailConsultation&refConsultation=1009742&orgAcronyme=g8e
06/08/2026,43/2026/MEF/AC/INF,"l’acquisition, l’installation et la mise en œuvre d’une solution de sécurité DNS au profit du Ministère de l’Economie et des Finances à Rabat.","MINISTERE DE L'ECONOMIE, ET DES FINANCES",RABAT,"{'date': '17/09/2026', 'time': '10:00'}","3 100 020,00","60 000,00 MAD ",https://www.marchespublics.gov.ma/index.php?page=entreprise.EntrepriseDetailConsultation&refConsultation=1021596&orgAcronyme=g8e
24/07/2026,08/2026,"l’acquisition du matériel, mise en place et installation d’un réseau local (LAN) ainsi que d’un système de vidéosurveillance destinés pour l’Entraide Nationale (Marché alloti en trois lots) :
-	Lot n°1 : Acquisition, mise en place et installation d’un réseau local (LAN).
-	Lot n°2 : Acquisition et installation d’un système de vidéosurveillance.
-	Lot n°3 : Acquisition du matériel.",ENTRAIDE NATIONALE,RABAT,"{'date': '17/09/2026', 'time': '10:00'}",,,https://www.marchespublics.gov.ma/index.php?page=entreprise.EntrepriseDetailConsultation&refConsultation=1026790&orgAcronyme=y5l
04/08/2026,09/2026,REFONTE ET RENFORCEMENT DE LA SECURITE DE LA PLATEFORME DE ‎MESSAGERIE POUR LE COMPTE DU CONSEIL SUPERIEUR DU POUVOIR JUDICIAIRE ‎EN LOT UNIQUE.‎,Conseil Supérieur du Pouvoir Judiciaire,MAROC,"{'date': '17/09/2026', 'time': '10:00'}","1 663 200,00","25 000,00 MAD ",https://www.marchespublics.gov.ma/index.php?page=entreprise.EntrepriseDetailConsultation&refConsultation=1029872&orgAcronyme=a2z
05/08/2026,29/UMVR/2026,"ACQUISITION, INSTALLATION ET MISE EN SERVICE D'UNE SALLE BLANCHE MODULABLE AU SEIN DU CENTRE UNIVERSITAIRE DE RECHERCHE EN TECHNOLOGIE SPATIALES (CURTS) A L'EMI RELEVANT DE L’UNIVERSITE MOHAMMED V DE RABAT.",PRESIDENCE DE L'UNIVERSITE MOHAMMED V DE RABAT,RABAT,"{'date': '17/09/2026', 'time': '10:00'}","600 000,00","10 000,00 MAD ",https://www.marchespublics.gov.ma/index.php?page=entreprise.EntrepriseDetailConsultation&refConsultation=1030550&orgAcronyme=z7x
06/08/2026,43/2026,"Externalisation du parc du matériel informatique et technique pour le compte de Barid Al-Maghrib 
(Marché Cadre)",POSTE MAROC,MAROC,"{'date': '17/09/2026', 'time': '10:00'}","9 537 624,00","150 000,00 MAD ",https://www.marchespublics.gov.ma/index.php?page=entreprise.EntrepriseDetailConsultation&refConsultation=1030901&orgAcronyme=m1w
06/08/2026,41/2026,"Acquisition de consommables informatiques et d’exploitation pour le compte de
Barid Al-Maghrib (Marché Cadre)",POSTE MAROC,MAROC,"{'date': '17/09/2026', 'time': '09:00'}",,,https://www.marchespublics.gov.ma/index.php?page=entreprise.EntrepriseDetailConsultation&refConsultation=1031089&orgAcronyme=m1w
10/08/2026,08/CCISTTA/2026,"L’ Acquisition, Installation et Mise en Service de Matériels Informatiques et de Matériel de Bureau pour le Compte de la Chambre de Commerce, d'Industrie et de Services de la Région Tanger-Tétouan-Al Hoceima",CHAMBRE DE COMMERCE D'INDUSTRIE ET DE SERVICES DE LA REGION DE Tanger-Tetouan- Al hoceima,TANGER-ASSILAH,"{'date': '16/09/2026', 'time': '11:30'}","891 480,00","15 000,00 MAD ",https://www.marchespublics.gov.ma/index.php?page=entreprise.EntrepriseDetailConsultation&refConsultation=1031041&orgAcronyme=m1w
12/08/2026,05/2026,"TRAVAUX DE FOURNITURE, D’INSTALLATION ET DE MISE EN SERVICE DES ÉQUIPEMENTS A L'INSTITUT DES SCIENCES DE SPORT RELEVANT DE L'UNIVERSITE SIDI MOHAMED BEN ABDELLAH DE FES",INSTITUT DES SCIENCES DU SPORT FES,MAROC,"{'date': '16/09/2026', 'time': '11:00'}","794 268,00","15 000,00 MAD ",https://www.marchespublics.gov.ma/index.php?page=entreprise.EntrepriseDetailConsultation&refConsultation=1032783&orgAcronyme=z7x
28/07/2026,6/2026,Acquisition de fournitures informatiques pour le compte de l’Institut Royal de la Culture Amazighe en lot unique.,INSTITUT ROYAL DE LA CULTURE AMAZIGHE,RABAT,"{'date': '16/09/2026', 'time': '10:30'}","266 640,00","5 000,00 MAD ",https://www.marchespublics.gov.ma/index.php?page=entreprise.EntrepriseDetailConsultation&refConsultation=1026526&orgAcronyme=l5b
03/08/2026,25/2026/EQ,"Acquisition, installation et mise en service du matériel informatique destiné aux établissements pionniers relevant de l’Académie Régionale d’Education et de Formation Région Souss-Massa (AREF-SM).",ACADEMIE REGIONALE D'EDUCATION ET DE FORMATION SOUSS-MASSA,AGADIR IDA OU TANANE,"{'date': '16/09/2026', 'time': '10:00'}","4 435 200,00","70 000,00 MAD ",https://www.marchespublics.gov.ma/index.php?page=entreprise.EntrepriseDetailConsultation&refConsultation=1029483&orgAcronyme=p8x
04/08/2026,08/2026,"ACQUISITION, INSTALLATION, MISE EN PLACE, EXTENSION DE SUPPORT ET ‎RENOUVELLEMENT DE LICENCES DES SOLUTIONS INFORMATIQUES ET DE ‎COMMUNICATIONS IP POUR LE COMPTE DU CONSEIL SUPERIEUR DU POUVOIR ‎JUDICIAIRE EN LOT UNIQUE",Conseil Supérieur du Pouvoir Judiciaire,MAROC,"{'date': '16/09/2026', 'time': '10:00'}","2 629 016,40","40 000,00 MAD ",https://www.marchespublics.gov.ma/index.php?page=entreprise.EntrepriseDetailConsultation&refConsultation=1029861&orgAcronyme=a2z
29/07/2026,82/2026,L’ACQUISITION DU MATERIEL D’ENSEIGNEMENT   AU PROFIT DES ETABLISSEMENTS PIONNIER RELEVANT  DE L’ACADEMIE REGIONALE D’EDUCATION ET DE FORMATION (AREF) DE LA REGION DE L’ORIENTAL    EN LOT UNIQUE,ACADEMIE REGIONALE D'EDUCATION ET DE FORMATION DE L'ORIENTAL,OUJDA-ANGAD,"{'date': '16/09/2026', 'time': '09:30'}","13 485 480,00","260 000,00 MAD ",https://www.marchespublics.gov.ma/index.php?page=entreprise.EntrepriseDetailConsultation&refConsultation=1028522&orgAcronyme=p8x
14/07/2026,AO063/2026/ANCFCC/DOSI,Acquisition des switchs pour équiper le siège de l’ANCFCC,"AGENCE NATIONALE DE LA CONSERVATION FONCIERE, DU CADASTRE ET DE LA CARTOGRAPHIE",RABAT,"{'date': '15/09/2026', 'time': '11:00'}","16 666 560,00","200 000,00 MAD ",https://www.marchespublics.gov.ma/index.php?page=entreprise.EntrepriseDetailConsultation&refConsultation=1023119&orgAcronyme=q1s
29/07/2026,08/26/RRSK,Acquisition des matériels informatiques au profit du conseil de la Région de Rabat salé Kénitra,Conseil de la Région de Rabat - Salé - Kénitra,RABAT,"{'date': '15/09/2026', 'time': '11:00'}","433 152,00","8 600,00 MAD ",https://www.marchespublics.gov.ma/index.php?page=entreprise.EntrepriseDetailConsultation&refConsultation=1023457&orgAcronyme=s3z
28/07/2026,12/2026/DAAC/BG,"L’acquisition, la mise à niveau et l’extension des solutions de sécurité des systèmes d’information pour le compte du Ministère des Habous et des Affaires Islamiques - Administration centrale et Services extérieures- en trois lots séparés : 
Lot n° 1 : L’acquisition, la mise à niveau et l’extension des solutions de sécurité des systèmes d’information :Solutions des pares-feux PALOALTO et FORTIGATE ; Solution de gestion des accès à privilèges (PAM) ; Solution d’authentification multi-facteurs (MFA) avec Tokens pour le compte du Ministère des Habous et des Affaires Islamiques - Administration centrale et Services extérieures ;
Lot n° 2 : La mise à niveau et l’extension des solutions de sécurité des systèmes d’information relatives au partage de charge LTM, VPN et WAF pour le compte du Ministère des Habous et des Affaires Islamiques - Administration centrale;
Lot n° 3 : L’acquisition des licences de la solution Kaspersky Endpoint Security EDR pour le compte du Ministère des Habous et des Affaires Islamiques - Administration centrale et Services extérieures.",DIRECTION DES AFFAIRES ADMINISTRATIVES ET DE COOPERATION,RABAT,"{'date': '15/09/2026', 'time': '10:30'}",,,https://www.marchespublics.gov.ma/index.php?page=entreprise.EntrepriseDetailConsultation&refConsultation=1002699&orgAcronyme=f4g
31/07/2026,4/2026,TRAVAUX DE CONSTRUCTION DU CENTRE HOSPITALIER PROVINCIAL DE SIDI SLIMANE : GROS ŒUVRE-ÉTANCHÉITÉ-VRD,DELEGUE DU MINISTERE DE LA SANTE A LA PROVINCE DE SIDI SLIMANE,Province de Sidi Slimane,"{'date': '15/09/2026', 'time': '10:30'}","151 025 436,00","2 300 000,00 MAD ",https://www.marchespublics.gov.ma/index.php?page=entreprise.EntrepriseDetailConsultation&refConsultation=1029140&orgAcronyme=q9t
11/08/2026,45/2026/CMR,Souscription à une plateforme cyber pour la préparation et l'animation d'un programme de simulation et d'exercices cyber pour le compte de la Caisse Marocaine des Retraites,LA CAISSE MAROCAINE DES RETRAITES,Wilaya de Rabat,"{'date': '15/09/2026', 'time': '10:30'}","299 520,00","5 500,00 MAD ",https://www.marchespublics.gov.ma/index.php?page=entreprise.EntrepriseDetailConsultation&refConsultation=1032018&orgAcronyme=g8e
12/08/2026,32/2026/DPF,"FOURNITURE, INSTALLATION, CONFIGURATION ET MISE EN SERVICE D'UNE INFRASTRUCTURE DE SÉCURITÉ ET DE STOCKAGE INFORMATIQUE AU PROFIT DE L’ORMVAD",OFFICE REGIONAL DE MISE EN VALEUR AGRICOLE DE DOUKKALA,EL JADIDA,"{'date': '15/09/2026', 'time': '10:30'}","544 800,00","10 000,00 MAD ",https://www.marchespublics.gov.ma/index.php?page=entreprise.EntrepriseDetailConsultation&refConsultation=1032504&orgAcronyme=q1s
31/07/2026,02/2026,Passation d’un marché reconductible concernant  l'entretien et  la Maintenance (y compris pièces de rechange ) des équipements informatiques et des équipements du réseau informatique à l’Ecole des Sciences de l’Information –Rabat.,ECOLE DES SCIENCES DE L'INFORMATION (ESI),RABAT,"{'date': '15/09/2026', 'time': '10:00'}","295 500,00","5 000,00 MAD ",https://www.marchespublics.gov.ma/index.php?page=entreprise.EntrepriseDetailConsultation&refConsultation=977439&orgAcronyme=g7n
28/07/2026,17/2026/DRAFM,ACHAT ET INSTALLATION DE MATÉRIEL INFORMATIQUE ET LOGICIELS POUR L'ÉQUIPEMENT DE LA SALLE D'ANALYSE SENSORIELLE DU HALL DE TECHNOLOGIE AGROALIMENTAIRE DE MEKNÈS.,DIRECTEUR REGIONAL D'AGRICULTURE DE LA REGION FES -MEKNES,MEKNES,"{'date': '15/09/2026', 'time': '10:00'}","242 400,00","4 800,00 MAD ",https://www.marchespublics.gov.ma/index.php?page=entreprise.EntrepriseDetailConsultation&refConsultation=1012349&orgAcronyme=q1s
29/07/2026,39/2026/TGR,"l’acquisition, l’installation et la mise en service d’une solution EDR (ENDPOINT DETECTION & RESPONSE) ainsi que la formation y afférente, au profit de la Trésorerie Générale du Royaume, en lot unique",TRESORERIE GENERALE DU ROYAUME,RABAT,"{'date': '15/09/2026', 'time': '10:00'}","2 339 400,00","40 000,00 MAD ",https://www.marchespublics.gov.ma/index.php?page=entreprise.EntrepriseDetailConsultation&refConsultation=1022230&orgAcronyme=g8e
04/08/2026,81/DGPC/2026,l'acquisition du matériel informatique et logiciels destinés à la Direction Générale de la Protection Civile à Rabat (Lot unique).,DIRECTION GENERALE DE LA PROTECTION CIVILE,RABAT,"{'date': '15/09/2026', 'time': '10:00'}","5 203 788,00","100 000,00 MAD ",https://www.marchespublics.gov.ma/index.php?page=entreprise.EntrepriseDetailConsultation&refConsultation=1023153&orgAcronyme=w9x
14/07/2026,AO061/2026/ANCFCC/DOSI,Acquisition des switchs pour les services centraux et extérieurs de l’ANCFCC,"AGENCE NATIONALE DE LA CONSERVATION FONCIERE, DU CADASTRE ET DE LA CARTOGRAPHIE",TANGER-ASSILAH,"{'date': '15/09/2026', 'time': '10:00'}","13 392 000,00","150 000,00 MAD ",https://www.marchespublics.gov.ma/index.php?page=entreprise.EntrepriseDetailConsultation&refConsultation=1023325&orgAcronyme=q1s
11/08/2026,17/2026,"L’acquisition, l’installation et la mise en service des serveurs pour le compte des tribunaux relevant de la circonscription judiciaire de Meknès, en lot unique",SOUS DIRECTEUR REGIONAL AUPRES DE LA COUR D'APPEL DE MEKNES,Wilaya de Meknès El Menzeh,"{'date': '15/09/2026', 'time': '10:00'}","298 800,00","5 000,00 MAD ",https://www.marchespublics.gov.ma/index.php?page=entreprise.EntrepriseDetailConsultation&refConsultation=1026542&orgAcronyme=t5y
29/07/2026,25/2026,"Acquisition de matériels informatiques et logiciels au profit de l’AREF de la région de Rabat-Salé-Kénitra, des directions provinciales et des établissements scolaires y dépendants en lot unique",ACADEMIE REGIONALE D'EDUCATION ET DE FORMATION RABAT-SALE- KENITRA,RABAT,"{'date': '15/09/2026', 'time': '10:00'}","15 420 960,00","300 000,00 MAD ",https://www.marchespublics.gov.ma/index.php?page=entreprise.EntrepriseDetailConsultation&refConsultation=1028538&orgAcronyme=p8x
29/07/2026,63/2026,l’Acquisition de matériel d’enseignement destine aux établissements de l’enseignement secondaire qualifiant relevant de l’académie régionale d’éducation et de formation de la région de l’oriental,ACADEMIE REGIONALE D'EDUCATION ET DE FORMATION DE L'ORIENTAL,NADOR,"{'date': '15/09/2026', 'time': '10:00'}","6 708 996,00","134 000,00 MAD ",https://www.marchespublics.gov.ma/index.php?page=entreprise.EntrepriseDetailConsultation&refConsultation=1028609&orgAcronyme=p8x
31/07/2026,07/2026,ACQUISITION DE MATÉRIEL INFORMATIQUE POUR LE COMPTE DE L’AGENCE MAROCAINE D’ÉVALUATION ET D’ASSURANCE QUALITÉ DE L’ENSEIGNEMENT SUPÉRIEUR ET DE LA RECHERCHE SCIENTIFIQUE EN LOT UNIQUE.,AGENCE NATIONALE D’EVALUATION ET D’ASSURANCE QUALITE DE L'ENSEIGNEMENT SUPERIEUR ET DE LA RECHERCHE SCIENTIFIQUE,RABAT,"{'date': '15/09/2026', 'time': '10:00'}","1 608 439,20","0,00 MAD ",https://www.marchespublics.gov.ma/index.php?page=entreprise.EntrepriseDetailConsultation&refConsultation=1029032&orgAcronyme=z7x
04/08/2026,07/2026,"L’ACQUISITION, L’INSTALLATION ET LA MISE EN SERVICE DU MATERIEL ET ‎LOGICIELS INFORMATIQUES POUR LE COMPTE DU CONSEIL SUPERIEUR DU ‎POUVOIR JUDICIAIRE EN TROIS LOTS SEPARES :‎
	Lot n° 1 : Ordinateurs portables ;‎
	Lot n° 2 : Ordinateurs de bureau ;‎
	Lot n° 3 : Equipements informatiques.‎",Conseil Supérieur du Pouvoir Judiciaire,MAROC,"{'date': '15/09/2026', 'time': '10:00'}",,,https://www.marchespublics.gov.ma/index.php?page=entreprise.EntrepriseDetailConsultation&refConsultation=1029790&orgAcronyme=a2z
05/08/2026,42/2026,Extension des licences d’utilisation de la solution de gestion de l’information et des événements de sécurité SI (SIEM) de Barid Al-Maghrib,POSTE MAROC,RABAT,"{'date': '15/09/2026', 'time': '10:00'}","1 680 000,00","30 000,00 MAD ",https://www.marchespublics.gov.ma/index.php?page=entreprise.EntrepriseDetailConsultation&refConsultation=1030703&orgAcronyme=m1w
10/08/2026,06/AOO/DIE/DG/ANP/2026,"CONCEPTION, DEVELOPPEMENT, DEPLOIEMENT ET MAINTENANCE D'UN MODULE DE GESTION DES VOIRIES ET RESEAUX DIVERS PORTUAIRES INTEGRE AU SYSTEME D'INFORMATION D'ASSET MANAGEMENT",AGENCE NATIONALE DES PORTS,CASABLANCA,"{'date': '15/09/2026', 'time': '10:00'}","4 800 000,00","96 000,00 MAD ",https://www.marchespublics.gov.ma/index.php?page=entreprise.EntrepriseDetailConsultation&refConsultation=1031721&orgAcronyme=o8p
21/07/2026,33/2026/CMR,Acquisition d’une plateforme générative et agentique AI et mise en œuvre du portefeuille des cas d’usage pour le compte de la CMR,LA CAISSE MAROCAINE DES RETRAITES,Wilaya de Rabat,"{'date': '15/09/2026', 'time': '09:30'}","1 200 000,00","20 000,00 MAD ",https://www.marchespublics.gov.ma/index.php?page=entreprise.EntrepriseDetailConsultation&refConsultation=1025635&orgAcronyme=g8e
29/07/2026,64/2026,Acquisition de matériel d’enseignement destiné aux établissements de l’enseignement secondaire collégial relevant de l’académie régionale d’éducation et de formation de la région de l’oriental en lot unique,ACADEMIE REGIONALE D'EDUCATION ET DE FORMATION DE L'ORIENTAL,OUJDA-ANGAD,"{'date': '15/09/2026', 'time': '09:30'}","15 662 040,48","300 000,00 MAD ",https://www.marchespublics.gov.ma/index.php?page=entreprise.EntrepriseDetailConsultation&refConsultation=1028692&orgAcronyme=p8x
05/08/2026,40/2026,Acquisition de Terminaux de Saisie Portables (PDA) pour le compte de Barid Al-Maghrib,POSTE MAROC,MAROC,"{'date': '15/09/2026', 'time': '09:00'}","5 760 000,00","100 000,00 MAD ",https://www.marchespublics.gov.ma/index.php?page=entreprise.EntrepriseDetailConsultation&refConsultation=1030704&orgAcronyme=m1w
05/08/2026,12/2026,"AOOI - Mise à niveau, optimisation et sécurisation des infrastructures Active Directory, déploiement de solutions centralisées d’administration et de supervision de l’environnement AD, et mise à niveau des systèmes Linux au profit des Juridictions financières, avec livraison des prestations y afférentes.",COUR DES COMPTES,RABAT,"{'date': '14/09/2026', 'time': '11:00'}","1 443 000,00","28 000,00 MAD ",https://www.marchespublics.gov.ma/index.php?page=entreprise.EntrepriseDetailConsultation&refConsultation=1030636&orgAcronyme=z6n
29/07/2026,15/DRSI/2026,Acquisition et installation de matériel et logiciels informatiques pour le compte du Département du Développement Durable relevant du Ministère de la Transition Energétique et du Développement Durable à Rabat (Lot Unique).,MINISTÈRE DE LA TRANSITION ENERGÉTIQUE ET DU DÉVELOPPEMENT DURABLE – DÉPARTEMENT DU DÉVELOPPEMENT DURABLE,RABAT,"{'date': '14/09/2026', 'time': '10:30'}","4 200 000,00","80 000,00 MAD ",https://www.marchespublics.gov.ma/index.php?page=entreprise.EntrepriseDetailConsultation&refConsultation=1020450&orgAcronyme=d4q
22/07/2026,06/2026/ONCA,Organisation et réalisation de sessions de formation transversale au profit du personnel de l’Office National du Conseil Agricole à Marrakech,OFFICE NATIONAL DU CONSEIL AGRICOLE,MARRAKECH,"{'date': '14/09/2026', 'time': '10:00'}","345 600,00","6 000,00 MAD ",https://www.marchespublics.gov.ma/index.php?page=entreprise.EntrepriseDetailConsultation&refConsultation=1025928&orgAcronyme=q1s
10/08/2026,11/2026,L’entretien et la maintenance multi technique des bâtiments et installations techniques du siège et agences ANAPEC.,AGENCE NATIONALE POUR LA PROMOTION DE L'EMPLOI ET DES COMPETENCES,TANGER-ASSILAH,"{'date': '11/09/2026', 'time': '12:00'}","1 600 000,00","24 000,00 MAD ",https://www.marchespublics.gov.ma/index.php?page=entreprise.EntrepriseDetailConsultation&refConsultation=1026420&orgAcronyme=o4d
04/08/2026,05/2026ESTF,ACHAT DE MATERIEL INFORMATIQUE ET DE LOGICIELS EN SIX (06) LOTS AU PROFIT DE L’ECOLE SUPERIEURE DE TECHNOLOGIE DE FES.,ECOLE SUPERIEURE DE TECHNOLOGIE FES,MAROC,"{'date': '11/09/2026', 'time': '10:30'}",,,https://www.marchespublics.gov.ma/index.php?page=entreprise.EntrepriseDetailConsultation&refConsultation=1029374&orgAcronyme=z7x
22/07/2026,14/2026/AUM,Acquisition et installation de matériel informatique,AGENCE URBAINE DE MARRAKECH,MARRAKECH,"{'date': '11/09/2026', 'time': '10:00'}","990 840,00","19 000,00 MAD ",https://www.marchespublics.gov.ma/index.php?page=entreprise.EntrepriseDetailConsultation&refConsultation=1026148&orgAcronyme=j8k
29/07/2026,08/FSTT/2026,"FOURNITURE, INSTALLATION ET MISE EN SERVICE DE DIX POSTES DE TRAVAIL INFORMATIQUES POUR LE COMPTE DE LA FACULTÉ DES SCIENCES ET TECHNIQUES DE TANGER",FACULTE DES SCIENCES ET TECHNIQUES TANGER,MAROC,"{'date': '10/09/2026', 'time': '14:00'}","123 600,00","2 000,00 MAD ",https://www.marchespublics.gov.ma/index.php?page=entreprise.EntrepriseDetailConsultation&refConsultation=1027559&orgAcronyme=z7x
21/07/2026,23/2026/ANDA,"Acquisition et installation de matériel de sécurité informatique au profit de l’ANDA, en lot unique.",AGENCE NATIONALE POUR LE DEVELOPPEMENT DE L'AQUACULTURE,RABAT,"{'date': '10/09/2026', 'time': '11:00'}","250 080,00","5 000,00 MAD ",https://www.marchespublics.gov.ma/index.php?page=entreprise.EntrepriseDetailConsultation&refConsultation=1025623&orgAcronyme=q1s
29/07/2026,06/FSTT/2026,"FOURNITURE, INSTALLATION ET MISE EN SERVICE DE POSTES DE TRAVAIL ALL-IN-ONE ET DE DEUX SCANNERS POUR LE COMPTE DE LA FACULTE DES SCIENCES ET TECHNIQUES A TANGER",FACULTE DES SCIENCES ET TECHNIQUES TANGER,MAROC,"{'date': '10/09/2026', 'time': '11:00'}","910 000,00","18 000,00 MAD ",https://www.marchespublics.gov.ma/index.php?page=entreprise.EntrepriseDetailConsultation&refConsultation=1027549&orgAcronyme=z7x
05/08/2026,13/CN/2026,"FOURNITURE DE BUREAU ET DE MATERIEL INFORMATIQUE POUR LA COMMUNE DE NOUACEUR PROVINCE NOUACEUR, REGION CASA-SETTAT.",Commune urbaine de NOUACEUR,NOUACEUR,"{'date': '10/09/2026', 'time': '11:00'}","292 860,00","5 000,00 MAD ",https://www.marchespublics.gov.ma/index.php?page=entreprise.EntrepriseDetailConsultation&refConsultation=1029759&orgAcronyme=a1z
29/07/2026,16/2026/DAAC/BG,"L'acquisition, installation et mise en service des équipements informatiques pour le compte du Ministère des Habous et des Affaires Islamiques, (administration centrale et service extérieurs) - lot unique",DIRECTION DES AFFAIRES ADMINISTRATIVES ET DE COOPERATION,TANGER-ASSILAH,"{'date': '10/09/2026', 'time': '10:30'}","1 272 360,00","25 000,00 MAD ",https://www.marchespublics.gov.ma/index.php?page=entreprise.EntrepriseDetailConsultation&refConsultation=1026972&orgAcronyme=f4g
29/07/2026,21/2026/ANLCA,"la réalisation des prestations de formation et de renforcement des capacités des intervenants professionnels des programmes d’alphabétisation en andragogie et en approches de l’éducation des adultes en deux lots :
LOT1 : Régions de Tanger-Tétouan- Al Hoceima, Oriental, Fès-Meknès, Rabat-Salé-Kénitra, Béni Mellal Khénifra, Casablanca-Settat.
LOT2 : Régions de Marrakech- Safi, Darâa Tafilelt, Souss-Massa, Guelmim- Oued Noun, Laâyoune- Sakia El Hamra, Dakhla-Oued Eddahab.",AGENCE NATIONALE DE LUTTE CONTRE L'ANALPHABETISME,TANGER-ASSILAH,"{'date': '10/09/2026', 'time': '10:30'}",,,https://www.marchespublics.gov.ma/index.php?page=entreprise.EntrepriseDetailConsultation&refConsultation=1028736&orgAcronyme=p8x
11/08/2026,10/2026,Achat et installation de solutions et de licences informatiques pour le Département de la Formation Professionnelle (Lot unique),DOMAINE DE LA FORMATION PROFESSIONNELLE,RABAT,"{'date': '10/09/2026', 'time': '10:00'}","1 199 640,00","15 000,00 MAD ",https://www.marchespublics.gov.ma/index.php?page=entreprise.EntrepriseDetailConsultation&refConsultation=1001435&orgAcronyme=z7r
29/07/2026,32/2026/TGR,"l’acquisition, l’installation et la mise en service d’une solution intégrée pour le contrôle d’accès, la gestion du temps et la gestion des visiteurs ainsi que la formation y afférente au profit de la TRESORERIE GENERALE DU ROYAUME (siège et site annexe), en lot unique",TRESORERIE GENERALE DU ROYAUME,RABAT,"{'date': '10/09/2026', 'time': '10:00'}","1 671 115,20","30 000,00 MAD ",https://www.marchespublics.gov.ma/index.php?page=entreprise.EntrepriseDetailConsultation&refConsultation=1011319&orgAcronyme=g8e
27/07/2026,25/2026/DPAAG/SG,l’achat du matériel informatique pour le Ministère de la Santé et de la protection sociale,CHEF DE DIVISION DU PARC-AUTO ET DES AFFAIRES GENERALES,RABAT,"{'date': '10/09/2026', 'time': '10:00'}",,,https://www.marchespublics.gov.ma/index.php?page=entreprise.EntrepriseDetailConsultation&refConsultation=1016125&orgAcronyme=q9t
06/08/2026,67/2026,Appel d'offres ouvert simplifié portant sur l'accompagnement de l'ADII à l'élaboration de sa stratégie et feuille de route d'intégration de l'intelligence artificielle (lot unique).,DIRECTEUR DES DOUANES ET IMPOTS INDIRECTS RABAT,RABAT,"{'date': '10/09/2026', 'time': '10:00'}","799 200,00","10 000,00 MAD ",https://www.marchespublics.gov.ma/index.php?page=entreprise.EntrepriseDetailConsultation&refConsultation=1021751&orgAcronyme=g8e
28/07/2026,31/OC/DFRHMG/2026,la prestation d’externalisation du support technique du parc informatique,OFFICE DES CHANGES,RABAT,"{'date': '10/09/2026', 'time': '10:00'}","180 000,00","3 500,00 MAD ",https://www.marchespublics.gov.ma/index.php?page=entreprise.EntrepriseDetailConsultation&refConsultation=1027505&orgAcronyme=g8e
28/07/2026,19/2026/ANLCA,Acquisition du matériel informatique au profit de l’Agence Nationale de Lutte Contre l’Analphabétisme (En lot unique),AGENCE NATIONALE DE LUTTE CONTRE L'ANALPHABETISME,RABAT,"{'date': '10/09/2026', 'time': '10:00'}","1 809 600,00","36 000,00 MAD ",https://www.marchespublics.gov.ma/index.php?page=entreprise.EntrepriseDetailConsultation&refConsultation=1028148&orgAcronyme=p8x
04/08/2026,02/2026/AUST,L’achat de matériel informatique pour le compte de l’Agence Urbaine de Skhirate-Témara.,AGENCE URBAINE DE SKHIRATE - TEMARA,SKHIRATE-TEMARA,"{'date': '10/09/2026', 'time': '10:00'}","927 828,00","18 500,00 MAD ",https://www.marchespublics.gov.ma/index.php?page=entreprise.EntrepriseDetailConsultation&refConsultation=1030086&orgAcronyme=j8k
28/07/2026,18/2026/ANLCA,"Achat d’un logiciel de gestion des services informatiques et des actifs IT, au profit de l’Agence Nationale de Lutte Contre l’Analphabétisme, en lot unique.",AGENCE NATIONALE DE LUTTE CONTRE L'ANALPHABETISME,RABAT,"{'date': '10/09/2026', 'time': '09:30'}","216 000,00","4 000,00 MAD ",https://www.marchespublics.gov.ma/index.php?page=entreprise.EntrepriseDetailConsultation&refConsultation=1028147&orgAcronyme=p8x
04/08/2026,21/2026/MAP,Acquisition d'une solution de playout et d'enregistrement SDI/IP pour le compte de la MAP,AGENCE MAGHREB ARABE PRESSE,MAROC,"{'date': '09/09/2026', 'time': '12:30'}","806 400,00","16 000,00 MAD ",https://www.marchespublics.gov.ma/index.php?page=entreprise.EntrepriseDetailConsultation&refConsultation=1029756&orgAcronyme=x6c
28/07/2026,17/2026/ANLCA,"Achat, installation et mise en place des équipements de contrôle d’accès physique au siège de l’Agence Nationale de Lutte Contre l’Analphabétisme, en lot unique.",AGENCE NATIONALE DE LUTTE CONTRE L'ANALPHABETISME,RABAT,"{'date': '09/09/2026', 'time': '12:00'}","476 400,00","9 000,00 MAD ",https://www.marchespublics.gov.ma/index.php?page=entreprise.EntrepriseDetailConsultation&refConsultation=1028146&orgAcronyme=p8x
04/08/2026,20/2026/MAP,Fourniture et intégration d'une solution de production vidéo et de gestion de correspondance à distance pour le compte de la MAP,AGENCE MAGHREB ARABE PRESSE,MAROC,"{'date': '09/09/2026', 'time': '12:00'}","483 600,00","9 000,00 MAD ",https://www.marchespublics.gov.ma/index.php?page=entreprise.EntrepriseDetailConsultation&refConsultation=1029740&orgAcronyme=x6c
28/07/2026,16/2026/ANLCA,"achat de logiciel pour la sécurité avancée de la messagerie MICROSOFT 365 de l’ANLCA, en lot unique.",AGENCE NATIONALE DE LUTTE CONTRE L'ANALPHABETISME,RABAT,"{'date': '09/09/2026', 'time': '11:30'}","650 000,00","13 000,00 MAD ",https://www.marchespublics.gov.ma/index.php?page=entreprise.EntrepriseDetailConsultation&refConsultation=1028144&orgAcronyme=p8x
04/08/2026,19/2026/MAP,Mise à niveau du système de production audiovisuelle MAM de la MAP,AGENCE MAGHREB ARABE PRESSE,MAROC,"{'date': '09/09/2026', 'time': '11:30'}","555 000,00","11 000,00 MAD ",https://www.marchespublics.gov.ma/index.php?page=entreprise.EntrepriseDetailConsultation&refConsultation=1029737&orgAcronyme=x6c
06/08/2026,17/2026/INDH,"Equipement  au profit  du centre multifonctionnel et de l'insertion socio-économique de la femme  Akachmir ; de  l'espace social de la femme et de l'enfant Al Firdaous et du centre de l'éducation et de la formation  Al Yassmine,  à la ville d'El Hajeb   - Province d’El Hajeb -.",GOUVERNEUR DE LA PROVINCE D'EL HAJEB,EL-HAJEB,"{'date': '09/09/2026', 'time': '11:00'}","369 610,80","7 000,00 MAD ",https://www.marchespublics.gov.ma/index.php?page=entreprise.EntrepriseDetailConsultation&refConsultation=1024775&orgAcronyme=g3h
12/08/2026,16/2026,Prestation de publicité et insertion des activités de conseil communal au site web et les réseaux sociaux.,Commune urbaine de BERKANE,BERKANE,"{'date': '09/09/2026', 'time': '11:00'}","306 000,00","6 000,00 MAD ",https://www.marchespublics.gov.ma/index.php?page=entreprise.EntrepriseDetailConsultation&refConsultation=1029446&orgAcronyme=f8y
04/08/2026,18/2026/MAP,Mise à niveau du système de production Audio WINMEDIA pour le compte de la MAP,AGENCE MAGHREB ARABE PRESSE,MAROC,"{'date': '09/09/2026', 'time': '11:00'}","270 000,00","5 000,00 MAD ",https://www.marchespublics.gov.ma/index.php?page=entreprise.EntrepriseDetailConsultation&refConsultation=1029729&orgAcronyme=x6c
12/08/2026,11/2026/MAPMDREF/DSI,"L’acquisition et la mise en place d'une solution de gestion du patrimoine et du stock du matériel informatique au profit du Ministère de l’agriculture, de la Pêche Maritime, du Développement Rural et des Eaux et Forêts – Département de L’Agriculture- à Rabat.",DIRECTEUR DES SYSTEMES D'INFORMATION AUPRES DU MINISTERE DE L'AGRICULTURE ET DE LA PECHE MARITIME,RABAT,"{'date': '09/09/2026', 'time': '10:30'}","500 000,00","10 000,00 MAD ",https://www.marchespublics.gov.ma/index.php?page=entreprise.EntrepriseDetailConsultation&refConsultation=988236&orgAcronyme=q1s
06/08/2026,02/FPL/2026/INV,"l’acquisition, l’installation et la mise en service d'équipements informatiques au profit de la Faculté Polydisciplinaire de Larache. (Lot Unique).",FACULTE POLYDISCIPLINAIRE A LARACHE,LARACHE,"{'date': '09/09/2026', 'time': '10:30'}","2 011 184,00","35 000,00 MAD ",https://www.marchespublics.gov.ma/index.php?page=entreprise.EntrepriseDetailConsultation&refConsultation=1030924&orgAcronyme=z7x
11/08/2026,24/2026/0324,"Acquisition, installation et mise en service de matériels informatiques (firewall) pour le compte des tribunaux de la circonscription judiciaire de Fès, en lot unique.",DIRECTION PROVINCIALE DE LA JUSTICE FES,Préfecture de Fès Medina,"{'date': '09/09/2026', 'time': '10:00'}","274 800,00","5 000,00 MAD ",https://www.marchespublics.gov.ma/index.php?page=entreprise.EntrepriseDetailConsultation&refConsultation=1027546&orgAcronyme=t5y
31/07/2026,59/2026/DR9/C,"Entretien du matériel informatique et vidéoprojecteur pour 
Les centres de production de DR9",OFFICE NATIONAL DE L'ELECTRICITE ET DE L'EAU POTABLE - BRANCHE EAU,TANGER-ASSILAH,"{'date': '09/09/2026', 'time': '10:00'}","300 006,00","3 100,00 MAD ",https://www.marchespublics.gov.ma/index.php?page=entreprise.EntrepriseDetailConsultation&refConsultation=1029175&orgAcronyme=d4q
12/08/2026,31/2026,Hébergement et infogérance du système d’information de l’agence marocaine du sang et de ses dérivés – Lot unique,AGENCE MAROCAINE DU SANG ET DE SES DERIVES,RABAT,"{'date': '09/09/2026', 'time': '10:00'}","4 733 280,00","94 000,00 MAD ",https://www.marchespublics.gov.ma/index.php?page=entreprise.EntrepriseDetailConsultation&refConsultation=1032728&orgAcronyme=q9t
21/07/2026,11/2026,"Acquisition ,instalation et mise en service des serveurs pour le compte des juridictions relevant juridictions de la circonscription judiciaire de Guelmim , en lot unique.",DIRECTION PROVINCIALE DE LA JUSTICE DE GUELMIM,GUELMIM,"{'date': '08/09/2026', 'time': '12:00'}","102 000,00","2 500,00 MAD ",https://www.marchespublics.gov.ma/index.php?page=entreprise.EntrepriseDetailConsultation&refConsultation=1019134&orgAcronyme=t5y
07/08/2026,38/2026/AMDL,Organisation d’un Team Building au profit du personnel de l’Agence  Marocaine de Développement de la logistique,AGENCE MAROCAINE DE DEVELOPPEMENT DE LA LOGISTIQUE,IFRANE,"{'date': '08/09/2026', 'time': '12:00'}","284 064,00","5 000,00 MAD ",https://www.marchespublics.gov.ma/index.php?page=entreprise.EntrepriseDetailConsultation&refConsultation=1031188&orgAcronyme=o8p
07/08/2026,05/2026,CREATION D’UNE PLATEFORME NUMERIQUE POUR LA GESTION DE TRANSPORT SCOLAIRE DU CONSEIL PROVINCIAL D’ALHAOUZ,Province de  AL HAOUZ,AL HAOUZ,"{'date': '08/09/2026', 'time': '11:30'}","172 800,00","3 000,00 MAD ",https://www.marchespublics.gov.ma/index.php?page=entreprise.EntrepriseDetailConsultation&refConsultation=1011078&orgAcronyme=j0w
27/07/2026,17/2026/MAP,Mise à niveau du module de Workflow et de la gestion des médias intégrés au DAM/ASSET pour le compte de la MAP,AGENCE MAGHREB ARABE PRESSE,MAROC,"{'date': '08/09/2026', 'time': '11:30'}","622 080,00","12 000,00 MAD ",https://www.marchespublics.gov.ma/index.php?page=entreprise.EntrepriseDetailConsultation&refConsultation=1027439&orgAcronyme=x6c
12/08/2026,07/2026,"Achat et installation des boitiers GPS, ainsi que l’hébergement et infogérance du système de géolocalisation et de suivi par GPS des véhicules de transport scolaire de conseil provincial D’Alhaouz.",Province de  AL HAOUZ,AL HAOUZ,"{'date': '08/09/2026', 'time': '11:00'}","265 200,00","5 000,00 MAD ",https://www.marchespublics.gov.ma/index.php?page=entreprise.EntrepriseDetailConsultation&refConsultation=1021430&orgAcronyme=j0w
27/07/2026,16/2026/MAP,Acquisition et mise en place d’une solution de supervision des systèmes d’information de la MAP,AGENCE MAGHREB ARABE PRESSE,MAROC,"{'date': '08/09/2026', 'time': '11:00'}","157 920,00","3 000,00 MAD ",https://www.marchespublics.gov.ma/index.php?page=entreprise.EntrepriseDetailConsultation&refConsultation=1027413&orgAcronyme=x6c
28/07/2026,07/FSTT/2026,"FOURNITURE, INSTALLATION ET MISE EN SERVICE DE SERVEURS POUR LE COMPTE DE LA FACULTE DES SCIENCES ET TECHNIQUES A TANGER",FACULTE DES SCIENCES ET TECHNIQUES TANGER,MAROC,"{'date': '08/09/2026', 'time': '11:00'}","686 317,00","13 000,00 MAD ",https://www.marchespublics.gov.ma/index.php?page=entreprise.EntrepriseDetailConsultation&refConsultation=1027554&orgAcronyme=z7x
12/08/2026,30/DAM/S/2026,Acquisition de fournitures informatiques,OFFICE NATIONAL DE L'ELECTRICITE ET DE L'EAU POTABLE - BRANCHE EAU,RABAT,"{'date': '08/09/2026', 'time': '11:00'}","1 200 000,00","12 000,00 MAD ",https://www.marchespublics.gov.ma/index.php?page=entreprise.EntrepriseDetailConsultation&refConsultation=1032042&orgAcronyme=d4q
29/07/2026,48/2026,"ORGANISATION DES SESSIONS DE FORMATION AU PROFIT DES RESPONSABLES ET DES CADRES DU MINISTERE DE LA JEUNESSE, DE LA CULTURE ET DE LA COMMUNICATION – DEPARTEMENT DE LA JEUNESSE- EN LOT UNIQUE.",DOMAINE DE LA JEUNESSE ET DES SPORTS,RABAT,"{'date': '08/09/2026', 'time': '10:30'}","639 600,00","12 000,00 MAD ",https://www.marchespublics.gov.ma/index.php?page=entreprise.EntrepriseDetailConsultation&refConsultation=1016426&orgAcronyme=s3d
24/07/2026,34/2026,l’acquisition de consommables pour imprimantes LEXMARK au profit du Service Central du Ministère de l’Intérieur à Rabat (lot unique).,MINISTERE DE L'INTERIEUR,MAROC,"{'date': '08/09/2026', 'time': '10:00'}","2 217 960,00","30 000,00 MAD ",https://www.marchespublics.gov.ma/index.php?page=entreprise.EntrepriseDetailConsultation&refConsultation=1004781&orgAcronyme=g3h
06/08/2026,26/2026/MEF/AC/INF,"L’assistance technique à la refonte des infrastructures Active Directory au profit de l’Administration Centrale du Ministère de l’Economie et des Finances à Rabat, ainsi que les prestations de formation y afférentes.","MINISTERE DE L'ECONOMIE, ET DES FINANCES",RABAT,"{'date': '08/09/2026', 'time': '10:00'}","384 000,00","7 000,00 MAD ",https://www.marchespublics.gov.ma/index.php?page=entreprise.EntrepriseDetailConsultation&refConsultation=1012104&orgAcronyme=g8e
23/07/2026,20/2026/DRAFM,ACHAT DE MATERIEL INFORMATIQUE POUR LA DIRECTION REGIONALE DE L’AGRICULTURE DE FES – MEKNES DANS LE CADRE DU PROGRAMME D’ENTREPRENEURIAT DES JEUNES.,DIRECTEUR REGIONAL D'AGRICULTURE DE LA REGION FES -MEKNES,FES,"{'date': '08/09/2026', 'time': '10:00'}","172 800,00","3 000,00 MAD ",https://www.marchespublics.gov.ma/index.php?page=entreprise.EntrepriseDetailConsultation&refConsultation=1019024&orgAcronyme=q1s
11/08/2026,15/2026,TRAVAUX D’INSTALLATION DES PLANCHERS TECHNIQUES ET DE CONTROLE D’ACCES ET PORTE COUPE -FEU AU PROFIT DES BATIMENTS DE LA CIRCONSCRIPTION JUDICIAIRE DE LA COUR D’APPEL DE MEKNES EN LOT UNIQUE.,SOUS DIRECTEUR REGIONAL AUPRES DE LA COUR D'APPEL DE MEKNES,Wilaya de Meknès El Menzeh,"{'date': '08/09/2026', 'time': '10:00'}","300 000,00","5 000,00 MAD ",https://www.marchespublics.gov.ma/index.php?page=entreprise.EntrepriseDetailConsultation&refConsultation=1023286&orgAcronyme=t5y
17/07/2026,41/2026/CMR,Acquisition et mise en œuvre d’une solution de gestion de parc et déploiement des applications à distance pour le compte de la Caisse Marocaine des Retraites,LA CAISSE MAROCAINE DES RETRAITES,RABAT,"{'date': '08/09/2026', 'time': '10:00'}","727 736,00","14 000,00 MAD ",https://www.marchespublics.gov.ma/index.php?page=entreprise.EntrepriseDetailConsultation&refConsultation=1024886&orgAcronyme=g8e
06/08/2026,18/INDH/2026,"Equipement du Centre de la femme et l'enfant Sbaa aiyoune, du Centre de la femme et l'enfant Agourai et du centre de l'éducation et de la formation à la commune d'Ait Boubidmane - Province d’El Hajeb-.",GOUVERNEUR DE LA PROVINCE D'EL HAJEB,EL-HAJEB,"{'date': '08/09/2026', 'time': '10:00'}","281 658,00","0,00 MAD ",https://www.marchespublics.gov.ma/index.php?page=entreprise.EntrepriseDetailConsultation&refConsultation=1025260&orgAcronyme=g3h
31/07/2026,06/ENCGT/INFO2026,"LA FOURNITURE, LA LIVRAISON, L'INSTALLATION, LA CONFIGURATION ET LA MISE EN SERVICE D'ÉQUIPEMENTS INFORMATIQUES AU PROFIT DE L'ÉCOLE NATIONALE DE COMMERCE ET DE GESTION DE TANGER",ECOLE NATIONALE DE COMMERCE ET DE GESTION DE TANGER,TANGER-ASSILAH,"{'date': '08/09/2026', 'time': '10:00'}","2 492 040,00","40 000,00 MAD ",https://www.marchespublics.gov.ma/index.php?page=entreprise.EntrepriseDetailConsultation&refConsultation=1027716&orgAcronyme=z7x
28/07/2026,06/2026/CCISFM,"Réalisation des prestations, des supports et des outils de communication interne et externe pour la chambre de commerce d'industrie et de services de la Région  Fès Meknès",CHAMBRE DE COMMERCE D'INDUSTRIE ET DE SERVICES DE LA REGION DE FES - MEKNES,FES,"{'date': '08/09/2026', 'time': '10:00'}","1 020 000,00","20 000,00 MAD ",https://www.marchespublics.gov.ma/index.php?page=entreprise.EntrepriseDetailConsultation&refConsultation=1027754&orgAcronyme=m1w
29/07/2026,05/AOO/DPP/DG/ANP/2026,LA MISE EN ŒUVRE D’UN SYSTEME DE MANAGEMENT INTEGRE DE LA SURETE ET DE LA SECURITE AUX PORTS DE L’ANP,AGENCE NATIONALE DES PORTS,CASABLANCA,"{'date': '08/09/2026', 'time': '10:00'}","5 880 000,00","117 000,00 MAD ",https://www.marchespublics.gov.ma/index.php?page=entreprise.EntrepriseDetailConsultation&refConsultation=1028600&orgAcronyme=o8p
11/08/2026,106/2026/SOREC,"Fourniture et livraison de lecteurs portables de puces électroniques pour chevaux pour le compte de la SOREC, en lot unique",SOCIETE ROYALE D'ENCOURAGEMENT DU CHEVAL,BENSLIMANE,"{'date': '08/09/2026', 'time': '10:00'}","84 000,00","1 500,00 MAD ",https://www.marchespublics.gov.ma/index.php?page=entreprise.EntrepriseDetailConsultation&refConsultation=1032056&orgAcronyme=q1s
11/08/2026,11/2026,Mission d'accompagnement pour l'évaluation des retombées de GITEX Africa Morocco et son repositionnement,AGENCE DE DEVELOPPEMENT DU DIGITAL,RABAT,"{'date': '08/09/2026', 'time': '10:00'}","1 500 000,00","30 000,00 MAD ",https://www.marchespublics.gov.ma/index.php?page=entreprise.EntrepriseDetailConsultation&refConsultation=1032084&orgAcronyme=m1w
11/08/2026,15/2026,TRAVAUX D’INSTALLATION DES PLANCHERS TECHNIQUES ET DE CONTROLE D’ACCES ET PORTE COUPE -FEU AU PROFIT DES BATIMENTS DE LA CIRCONSCRIPTION JUDICIAIRE DE LA COUR D’APPEL DE MEKNES EN LOT UNIQUE.,SOUS DIRECTEUR REGIONAL AUPRES DE LA COUR D'APPEL DE MEKNES,Wilaya de Meknès El Menzeh,"{'date': '08/09/2026', 'time': '10:00'}","300 000,00","5 000,00 MAD ",https://www.marchespublics.gov.ma/index.php?page=entreprise.EntrepriseDetailConsultation&refConsultation=1023286&orgAcronyme=t5y
11/08/2026,11/2026,Mission d'accompagnement pour l'évaluation des retombées de GITEX Africa Morocco et son repositionnement,AGENCE DE DEVELOPPEMENT DU DIGITAL,RABAT,"{'date': '08/09/2026', 'time': '10:00'}","1 500 000,00","30 000,00 MAD ",https://www.marchespublics.gov.ma/index.php?page=entreprise.EntrepriseDetailConsultation&refConsultation=1032084&orgAcronyme=m1w
12/08/2026,04/EQP/ESEFO/2026/BI,Acquisition de Matériel Informatique pour les salles de TP de l’École Supérieure de l’Éducation et de la Formation Oujda en Lot Unique.,ECOLE SUPERIEURE D'EDUCATION ET DE FORMATION D'OUJDA,OUJDA-ANGAD,"{'date': '07/09/2026', 'time': '16:00'}","3 164 400,00","60 000,00 MAD ",https://www.marchespublics.gov.ma/index.php?page=entreprise.EntrepriseDetailConsultation&refConsultation=1032129&orgAcronyme=z7x
24/07/2026,19/2026/MAECAMRE,Acquisition et mise en place de matériel et logiciel d’infrastructure hyperconvergée avec assistance technique pour le compte du Ministère des Affaires Etrangères de la Coopération Africaine et des Marocains Résidant à l'Etranger à Rabat,"MINISTERE DES AFFAIRES ETRANGERES, DE LA COOPERATION AFRICAINE ET DES MAROCAINS RESIDANT A L'ETRANGER",RABAT,"{'date': '07/09/2026', 'time': '11:00'}","23 376 000,00","300 000,00 MAD ",https://www.marchespublics.gov.ma/index.php?page=entreprise.EntrepriseDetailConsultation&refConsultation=1013364&orgAcronyme=d2f
28/07/2026,AO01GSO2026,"Acquisition et mise en service d’une solution Yard Management aux  Terminaux Céréaliers de la SOSIPO aux ports de Casablanca, Agadir et Safi.",SOCIETE DES SILOS PORTUAIRES (SOSIPO),CASABLANCA,"{'date': '07/09/2026', 'time': '11:00'}","4 800 000,00","60 000,00 MAD ",https://www.marchespublics.gov.ma/index.php?page=entreprise.EntrepriseDetailConsultation&refConsultation=1027767&orgAcronyme=q1s
07/08/2026,13/2026/ANEP,"La réalisation d’un cycle de formation sur les lots architecturaux, destinés aux collaborateurs de l’Agence Nationale des Equipements Publics (ANEP)",AGENCE NATIONALE DES EQUIPEMENTS PUBLICS,RABAT,"{'date': '07/09/2026', 'time': '10:30'}","489 600,00","3 000,00 MAD ",https://www.marchespublics.gov.ma/index.php?page=entreprise.EntrepriseDetailConsultation&refConsultation=1031162&orgAcronyme=o8p
23/07/2026,43/2026/TGR,"L’assistance  technique pour les services fonctionnels et techniques des logiciels d’oracle utilisés dans le cadre du système d’information du plan comptable de l’Etat concernant le domaine « Gestion des immobilisations » pour le compte de la Trésorerie Générale du Royaume, en lot unique.",TRESORERIE GENERALE DU ROYAUME,RABAT,"{'date': '07/09/2026', 'time': '10:00'}","1 519 200,00","20 000,00 MAD ",https://www.marchespublics.gov.ma/index.php?page=entreprise.EntrepriseDetailConsultation&refConsultation=1018024&orgAcronyme=g8e
07/08/2026,11/2026/ANEP,La réalisation d’un cycle de formation sur le bâtiment durable destiné aux collaborateurs de l’Agence Nationale des Équipements Publics (ANEP),AGENCE NATIONALE DES EQUIPEMENTS PUBLICS,RABAT,"{'date': '07/09/2026', 'time': '10:00'}","676 800,00","7 000,00 MAD ",https://www.marchespublics.gov.ma/index.php?page=entreprise.EntrepriseDetailConsultation&refConsultation=1031157&orgAcronyme=o8p
12/08/2026,79/26,"TRAVAUX D’ACHEVEMENT DE LA SOUS TRANCHE 5 DE LA TRANCHE 4 ZONE INDUSTRIELLE A HAD SOUALEM
(TRAVAUX DE VOIRIE, ASSAINISSEMENT, AEP, ELECTRIFICATION, DE DESSERTE TELEPHONIQUE ET AMENAGEMENT EXTERIEUR) COMMUNE HAD SOUALEM PROVINCE DE BERRECHID",SOCIETE AL OMRANE CASABLANCA,BERRECHID,"{'date': '07/09/2026', 'time': '10:00'}","15 498 562,80","233 000,00 MAD ",https://www.marchespublics.gov.ma/index.php?page=entreprise.EntrepriseDetailConsultation&refConsultation=1032641&orgAcronyme=j8k
15/07/2026,70/INV/TNG/2026,Acquisition du matériel informatique au profit des établissements scolaires relevant de la direction provinciale de Tanger Assilah,DIRECTION PROVINCIALE DE L’EDUCATION NATIONALE DE TANGER ASSILA,MAROC,"{'date': '04/09/2026', 'time': '10:30'}","1 587 600,00","20 000,00 MAD ",https://www.marchespublics.gov.ma/index.php?page=entreprise.EntrepriseDetailConsultation&refConsultation=1023732&orgAcronyme=p8x
04/08/2026,37/2026/AMDL,Travaux de câblage télécom en fibre optique du lotissement de la zone logistique d’Oulad Saleh – Province de Nouaceur,AGENCE MAROCAINE DE DEVELOPPEMENT DE LA LOGISTIQUE,NOUACEUR,"{'date': '04/09/2026', 'time': '10:30'}","585 543,60","10 000,00 MAD ",https://www.marchespublics.gov.ma/index.php?page=entreprise.EntrepriseDetailConsultation&refConsultation=1029978&orgAcronyme=o8p
20/07/2026,11/2026/INF,"Acquisition de matériel informatique destiné au renforcement des systèmes de contrôle d’accès, du réseau informatique et de la sécurité informatique du Ministère sis à Agdal Rabat en lot unique.","Ministère de l'education nationale, de l'enseignement superieur, de la formation des cadres et de la recherche scientifique  - l'enseignement superieur, la formation des cadres et la recherche scientifique",RABAT,"{'date': '04/09/2026', 'time': '10:00'}","3 260 106,00","40 000,00 MAD ",https://www.marchespublics.gov.ma/index.php?page=entreprise.EntrepriseDetailConsultation&refConsultation=1007461&orgAcronyme=z7x
14/07/2026,58/DGPC/2026,"l’acquisition des licences logicielles et des équipements de transmissions radios (02 lots) :
Lot n°01 : l’acquisition des licences logicielles et des équipements de communications pour l'extension de la solution de supervision et de répartition des ressources radiocommunications destinées à la région Tanger, Tétouan, Al-Hoceima.
Lot n°02 : l’acquisition des licences logicielles et des équipements de communications pour l'extension de la solution de supervision et de répartition des ressources radiocommunications destinées à la région Casablanca, Settat.",DIRECTION GENERALE DE LA PROTECTION CIVILE,TANGER-ASSILAH,"{'date': '04/09/2026', 'time': '10:00'}",,,https://www.marchespublics.gov.ma/index.php?page=entreprise.EntrepriseDetailConsultation&refConsultation=1012741&orgAcronyme=w9x
17/07/2026,45/FES/2026,"Achat de fournitures informatiques et de reprographie  destines aux établissements scolaires, et aux services administratifs relevant de la direction provinciale a Fès, en lot unique",Direction Provinciale du MEN FES,FES,"{'date': '04/09/2026', 'time': '10:00'}","512 880,80","10 257,00 MAD ",https://www.marchespublics.gov.ma/index.php?page=entreprise.EntrepriseDetailConsultation&refConsultation=1024556&orgAcronyme=p8x
23/07/2026,21/2026/AREFDT,ACQUISITION DE MATERIELS INFORMATIQUES DESTINES AUX ETABLISSEMENTS SCOLAIRES RELEVANT DE L’AREF DE LA REGION- DRAA-TAFILALET (1ère tranche).,ACADEMIE REGIONALE D'EDUCATION ET DE FORMATION DRAA TAFILALT,Province d'Errachidia,"{'date': '04/09/2026', 'time': '10:00'}","3 060 000,00","60 000,00 MAD ",https://www.marchespublics.gov.ma/index.php?page=entreprise.EntrepriseDetailConsultation&refConsultation=1026754&orgAcronyme=p8x
29/07/2026,23/2026,"Acquisition du matériel informatique au profit des établissements scolaires ; le siège de la direction provinciale et les espaces des inspecteurs relevant de la direction provinciale de l’AREFTTH à Chefchaouen, en lot unique, au titre de l’exercice 2026.",DIRECTION PROVINCIALE DE L’EDUCATION NATIONALE DE CHEFCHAOUEN,CHEFCHAOUEN,"{'date': '04/09/2026', 'time': '10:00'}","755 520,00","13 000,00 MAD ",https://www.marchespublics.gov.ma/index.php?page=entreprise.EntrepriseDetailConsultation&refConsultation=1028505&orgAcronyme=p8x
06/08/2026,168/2026/apdn,L’acquisition des matériels informatiques et matériels de bureau au profit de l’APDN (En deux (02) Lots),AGENCE POUR LA PROMOTION ET LE DEVELOPPEMENT ECONOMIQUE ET SOCIAL DES PREFECTURES ET PROVINCES DU NORD DU ROYAUME,TANGER-ASSILAH,"{'date': '04/09/2026', 'time': '10:00'}",,,https://www.marchespublics.gov.ma/index.php?page=entreprise.EntrepriseDetailConsultation&refConsultation=1030719&orgAcronyme=a1t
16/07/2026,10/2026/INF,"Achat de matériel informatique destiné au Service Central du Ministère de l’Enseignement Supérieur, de la Recherche Scientifique et de l’Innovation, à Rabat en lot unique.","Ministère de l'education nationale, de l'enseignement superieur, de la formation des cadres et de la recherche scientifique  - l'enseignement superieur, la formation des cadres et la recherche scientifique",RABAT,"{'date': '03/09/2026', 'time': '12:00'}","4 991 916,00","60 000,00 MAD ",https://www.marchespublics.gov.ma/index.php?page=entreprise.EntrepriseDetailConsultation&refConsultation=1007439&orgAcronyme=z7x
11/08/2026,26/RTTA2026,L’acquisition de matériel informatique destiné aux associations sélectionnées dans le cadre du projet SLEC.,REGION de TANGER-TETOUAN,TANGER-ASSILAH,"{'date': '03/09/2026', 'time': '12:00'}","76 800,00","1 500,00 MAD ",https://www.marchespublics.gov.ma/index.php?page=entreprise.EntrepriseDetailConsultation&refConsultation=1032034&orgAcronyme=l1f
13/07/2026,38/2026/DAM/CM,"Formation d'habilitation à la conduite, reconversion et recrutement à l'emploi chauffeur ou technicien conducteur",OFFICE NATIONAL DE L'ELECTRICITE ET DE L'EAU POTABLE - BRANCHE EAU,TANGER-ASSILAH,"{'date': '03/09/2026', 'time': '11:30'}","396 000,00","3 960,00 MAD ",https://www.marchespublics.gov.ma/index.php?page=entreprise.EntrepriseDetailConsultation&refConsultation=1022206&orgAcronyme=d4q
14/07/2026,21/2026/MAECAMRE,Acquisition et mise en place d’une solution de pare-feu applicatif web (WAF) avec assistance technique pour le compte du Ministère des Affaires Etrangères de la Coopération Africaine et des Marocains Résidant à l'Etranger à Rabat.,"MINISTERE DES AFFAIRES ETRANGERES, DE LA COOPERATION AFRICAINE ET DES MAROCAINS RESIDANT A L'ETRANGER",RABAT,"{'date': '03/09/2026', 'time': '11:00'}","5 982 000,00","100 000,00 MAD ",https://www.marchespublics.gov.ma/index.php?page=entreprise.EntrepriseDetailConsultation&refConsultation=1017426&orgAcronyme=d2f
12/08/2026,04/2026/CSTM,"Assistance technique pour la mise en œuvre d’un Système de Management de la Sécurité de l’Information (SMSI), l’audit de conformité à la loi 05-20 et a la DNSSI, et l’accompagnement à l’homologation du système d’information sensible (SIS) du CSTM",LE CHEF DU CENTRE DE SURVEILLANCE DU TRAFIC MARITIME A LA DIRECTION DE LA MARINE MARCHANDE DE TANGER,MAROC,"{'date': '03/09/2026', 'time': '11:00'}","700 000,00","10 500,00 MAD ",https://www.marchespublics.gov.ma/index.php?page=entreprise.EntrepriseDetailConsultation&refConsultation=1019826&orgAcronyme=q3m
20/07/2026,04/AUKSS/2026,"Acquisition, installation et mise en service de matériel informatique",AGENCE URBAINE DE KENITRA-SIDI KACEM,MAROC,"{'date': '03/09/2026', 'time': '11:00'}","500 000,00","10 000,00 MAD ",https://www.marchespublics.gov.ma/index.php?page=entreprise.EntrepriseDetailConsultation&refConsultation=1025029&orgAcronyme=j8k
28/07/2026,08/2026/INPT,"La sélection de prestataires de formation pour accompagner l’INPT dans la réalisation de Masters en cyber-sécurité, réparti en deux lots.",INSTITUT NATIONAL DES POSTES ET TELECOMMUNICATIONS,RABAT,"{'date': '03/09/2026', 'time': '11:00'}",,,https://www.marchespublics.gov.ma/index.php?page=entreprise.EntrepriseDetailConsultation&refConsultation=1027498&orgAcronyme=a1t
29/07/2026,AODA13/26/ONMT,LA MISE EN PLACE D’UNE SOLUTION D’INTELLIGENCE ARTIFICIELLE DE PILOTAGE CONVERSATIONNEL SUR L’INFRASTRUCTURE QLIK SENSE AU PROFIT DE L’ONMT,OFFICE NATIONAL MAROCAIN DU TOURISME,RABAT,"{'date': '03/09/2026', 'time': '11:00'}","1 584 600,00","20 000,00 MAD ",https://www.marchespublics.gov.ma/index.php?page=entreprise.EntrepriseDetailConsultation&refConsultation=1028724&orgAcronyme=o3f
12/08/2026,71/ABHL/2026,ACHAT DE MATERIEL INFORMATIQUE AU PROFIT DE L’ABHL,AGENCE DU BASSIN HYDRAULIQUE DU LOUKKOS,TETOUAN,"{'date': '03/09/2026', 'time': '10:45'}","495 000,00","9 000,00 MAD ",https://www.marchespublics.gov.ma/index.php?page=entreprise.EntrepriseDetailConsultation&refConsultation=1032714&orgAcronyme=d4q
07/08/2026,31/2026,CONFECTION ET POSE DES GUERITES DANS LES LOCAUX RELEVANT DE LA PREFECTURE DE POLICE DE MARRAKECH - DISTRICTS PROVINCIAUX ET COMMISSARIATS DE CIRCONSCRIPTION QUI EN DEPENDENT EN LOT UNIQUE,PREFECTURE DE POLICE DE MARRAKECH,MARRAKECH,"{'date': '03/09/2026', 'time': '10:30'}","677 040,00","13 540,00 MAD ",https://www.marchespublics.gov.ma/index.php?page=entreprise.EntrepriseDetailConsultation&refConsultation=1015312&orgAcronyme=g3h
06/08/2026,01/FPL/2026/INV,"l’acquisition, l’installation et la mise en service d’un Data Center pédagogique au profit de la Faculté Polydisciplinaire de Larache.",FACULTE POLYDISCIPLINAIRE A LARACHE,LARACHE,"{'date': '03/09/2026', 'time': '10:30'}","2 414 703,60","45 000,00 MAD ",https://www.marchespublics.gov.ma/index.php?page=entreprise.EntrepriseDetailConsultation&refConsultation=1030814&orgAcronyme=z7x
23/07/2026,42/2026/TGR,"l’acquisition et la mise en œuvre d’une extension de matériels informatiques, constituant l’infrastructure du système bancaire de la Trésorerie Générale du Royaume, ainsi que les prestations de formation et d’assistance y afférentes, en lot unique",TRESORERIE GENERALE DU ROYAUME,RABAT,"{'date': '03/09/2026', 'time': '10:00'}","1 114 029,60","20 000,00 MAD ",https://www.marchespublics.gov.ma/index.php?page=entreprise.EntrepriseDetailConsultation&refConsultation=1008627&orgAcronyme=g8e
11/08/2026,71/DGPC/2026,"l’acquisition, l’installation et la mise en service de deux firewalls frontaux de nouvelle génération et le renouvellement des licences des firewalls dorsaux existants pour le siège de la Direction Générale de la Protection Civile Rabat (lot unique).",DIRECTION GENERALE DE LA PROTECTION CIVILE,RABAT,"{'date': '03/09/2026', 'time': '10:00'}","1 848 000,00","35 000,00 MAD ",https://www.marchespublics.gov.ma/index.php?page=entreprise.EntrepriseDetailConsultation&refConsultation=1016416&orgAcronyme=w9x
22/07/2026,13/2026,ACHAT DU MATERIEL INFORMATIQUE AU PROFIT DU CENTRE REGIONAL DES JEUNES ENTREPRENEURS AGRICOLES ET AGRO-ALIMENTAIRES (CRJEA) RELEVANT DE LA DIRECTION REGIONALE DE L’AGRICULTURE DE BENI-MELLAL_KHENIFRA en LOT UNIQUE,DIRECTEUR REGIONAL D'AGRICULTURE DE LA REGION BENI MELLAL -KHENIFRA,BENI MELLAL,"{'date': '03/09/2026', 'time': '10:00'}","299 640,00","4 500,00 MAD ",https://www.marchespublics.gov.ma/index.php?page=entreprise.EntrepriseDetailConsultation&refConsultation=1016996&orgAcronyme=q1s
05/08/2026,20/2026/DPJE,"L’ACQUISITION, L’INSTALLATION ET LA MISE EN SERVICE DU MATÉRIEL INFORMATIQUE POUR LE COMPTE DE LA CIRCONSCRIPTION JUDICIAIRE DE LA COUR D’APPEL D’ERRACHIDIA EN LOT UNIQUE.",DIRECTION PROVINCIALE DE LA JUSTICE D'ERRACHIDIA,ERRACHIDIA,"{'date': '03/09/2026', 'time': '10:00'}","598 800,00","11 900,00 MAD ",https://www.marchespublics.gov.ma/index.php?page=entreprise.EntrepriseDetailConsultation&refConsultation=1021218&orgAcronyme=t5y
12/08/2026,33/2026,"L’acquisition, l’installation et la mise en service des serveurs pour le compte de la circonscription judiciaire de la cour d'appel d'Oujda en lot unique",DIRECTION PROVINCIALE DE LA JUSTICE A OUJDA,OUJDA-ANGAD,"{'date': '03/09/2026', 'time': '10:00'}","199 200,00","3 500,00 MAD ",https://www.marchespublics.gov.ma/index.php?page=entreprise.EntrepriseDetailConsultation&refConsultation=1023610&orgAcronyme=t5y
21/07/2026,01/2026,"Acquisition d’équipements au profit de l’École Nationale d’Architecture d’Oujda, alloti, en 3 lots :
-Lot n° 1 : relatif à l’achat de mobilier de bureau
-Lot n° 2 : relatif à l’achat de matériels informatiques
-Lot n° 3 : relatif à l’achat de matériels didactique, pédagogique et audiovisuels",ECOLE NATIONALE D'ARCHITECTURE OUJDA,OUJDA-ANGAD,"{'date': '03/09/2026', 'time': '10:00'}",,,https://www.marchespublics.gov.ma/index.php?page=entreprise.EntrepriseDetailConsultation&refConsultation=1024161&orgAcronyme=j8k
04/08/2026,02/2026/BG/PACA,Travaux d’aménagement au siège de la Préfecture d’Arrondissements de Casablanca-Anfa,GOUVERNEUR DE LA PREFECTURE D'ARRONDISSEMENTS DE CASA ANFA,CASABLANCA,"{'date': '03/09/2026', 'time': '10:00'}","5 643 882,84","80 000,00 MAD ",https://www.marchespublics.gov.ma/index.php?page=entreprise.EntrepriseDetailConsultation&refConsultation=1024673&orgAcronyme=g3h
23/07/2026,04/AOO/DPP/DG/ANP/2026,"Travaux de fourniture, installation, mise à niveau et maintenance du système de vidéosurveillance et de contrôle d’accès au port de Mohammedia",AGENCE NATIONALE DES PORTS,MOHAMMADIA,"{'date': '03/09/2026', 'time': '10:00'}","14 710 728,00","277 000,00 MAD ",https://www.marchespublics.gov.ma/index.php?page=entreprise.EntrepriseDetailConsultation&refConsultation=1026536&orgAcronyme=o8p
23/07/2026,07/2026,سمسرة عمومية لبيع المحجوزات من الدراجات النارية,Commune rurale de AIN LEGDAH,TAOUNATE,"{'date': '03/09/2026', 'time': '10:00'}","2 000,00","1 500,00 MAD ",https://www.marchespublics.gov.ma/index.php?page=entreprise.EntrepriseDetailConsultation&refConsultation=1026583&orgAcronyme=d0q
24/07/2026,05FC/FMPR/2026,"L’ACQUISITION DU MATERIEL INFORMATIQUE AU PROFIT DE LA Faculté de Médecine et de Pharmacie de Rabat : 
LOT N° 1 : DU « LES LASERS MEDICAUX A VISEE ESTHETIQUE ».
LOT N° 2 : « CEDOC ».",UNIVERSITE MOHAMED V /FACULTE DE MEDECINE ET DE PHARMACIE RABAT,RABAT,"{'date': '03/09/2026', 'time': '10:00'}",,,https://www.marchespublics.gov.ma/index.php?page=entreprise.EntrepriseDetailConsultation&refConsultation=1027044&orgAcronyme=z7x
29/07/2026,32/2026/AOON/CHM6M,La réalisation de la prestation d’Hébergement du Portail du Centre Hospitalo-universitaire Mohammed VI Marrakech.,CENTRE HOSPITALIER UNIVERSITAIRE MOHAMMED VI - MARRAKECH,MARRAKECH,"{'date': '03/09/2026', 'time': '10:00'}","57 600,00","1 000,00 MAD ",https://www.marchespublics.gov.ma/index.php?page=entreprise.EntrepriseDetailConsultation&refConsultation=1028366&orgAcronyme=q9t
30/07/2026,10/M/DAF/2026,La location de photocopieurs pour le compte de l'ANPME en lot unique,AGENCE NATIONALE POUR LA PROMOTION DE LA PETITE ET MOYENNE ENTREPRISE,RABAT,"{'date': '03/09/2026', 'time': '10:00'}","106 200,00","2 000,00 MAD ",https://www.marchespublics.gov.ma/index.php?page=entreprise.EntrepriseDetailConsultation&refConsultation=1028813&orgAcronyme=m1w
07/08/2026,58/26/S,"Maintenance et évolution des systèmes de gestion info-trafic, d’aide à l’exploitation et de gestion des sinistres",AUTOROUTES DU MAROC,RABAT,"{'date': '03/09/2026', 'time': '10:00'}","4 740 312,00","0,00 MAD ",https://www.marchespublics.gov.ma/index.php?page=entreprise.EntrepriseDetailConsultation&refConsultation=1031435&orgAcronyme=o8p
12/08/2026,65/ABHL/2026,"Acquisition et installation des matériels informatiques, réseaux et audio-visuels pour l’équipement de la salle d'annonce de crue de l'Agence du Bassin Hydraulique du Loukkos.",AGENCE DU BASSIN HYDRAULIQUE DU LOUKKOS,TETOUAN,"{'date': '03/09/2026', 'time': '09:15'}","1 462 000,00","20 000,00 MAD ",https://www.marchespublics.gov.ma/index.php?page=entreprise.EntrepriseDetailConsultation&refConsultation=1032519&orgAcronyme=d4q
03/08/2026,11/EHTP/2026,LA REALISATION DE LA PRESTATION D'ENSEIGNEMENT DES TECHNIQUES DE COMMUNICATION EN ANGLAIS AU PROFIT DES ETUDIANTS DE L'ECOLE HASSANIA DES TRAVAUX PUBLICS,ECOLE HASSANIA DES TRAVAUX PUPLICS,CASABLANCA,"{'date': '02/09/2026', 'time': '11:00'}","606 000,00","10 000,00 MAD ",https://www.marchespublics.gov.ma/index.php?page=entreprise.EntrepriseDetailConsultation&refConsultation=1029551&orgAcronyme=o8p
11/08/2026,30/2026/I.AREF.MS,Acquisition de photocopieurs multifonctions couleurs au profit des établissements scolaires relevant de l’AREF Marrakech Safi,ACADEMIE REGIONALE D'EDUCATION ET DE FORMATION MARRAKECH-SAFI,MARRAKECH,"{'date': '02/09/2026', 'time': '11:00'}","3 951 600,00","70 000,00 MAD ",https://www.marchespublics.gov.ma/index.php?page=entreprise.EntrepriseDetailConsultation&refConsultation=1032170&orgAcronyme=p8x
03/08/2026,10/EHTP/2026,LA REALISATION DE LA PRESTATION D'ENSEIGNEMENT DES TECHNIQUES DE COMMUNICATION EN FRANÇAIS AU PROFIT DES ETUDIANTS  DE L'ECOLE HASSANIA DES TRAVAUX PUBLICS,ECOLE HASSANIA DES TRAVAUX PUPLICS,CASABLANCA,"{'date': '02/09/2026', 'time': '10:30'}","370 800,00","6 000,00 MAD ",https://www.marchespublics.gov.ma/index.php?page=entreprise.EntrepriseDetailConsultation&refConsultation=1029545&orgAcronyme=o8p
11/08/2026,25/2026/ADA/DDCPT/DPPT,La maintenance des plateformes digitales de commercialisation des produits du terroir www.terroirdumaroc.gov.ma et www.terroirdumaroc.shop,AGENCE POUR LE DEVELOPPEMENT AGRICOLE,RABAT,"{'date': '02/09/2026', 'time': '10:30'}","312 000,00","6 000,00 MAD ",https://www.marchespublics.gov.ma/index.php?page=entreprise.EntrepriseDetailConsultation&refConsultation=1031997&orgAcronyme=q1s
10/08/2026,14/DDE/DISI/2026,"La réalisation des prestations de formation au profit du personnel de la Direction des Domaines de l’Etat en quatre lots:
	Lot N° 1 : Formation en Linux, REDHAT
	Lot N° 2 : Formation Windows Server
	Lot N° 3 : Formation en IIS et SharePoint
	Lot N° 4 : Formation en Apache",DIRECTEUR DES DOMAINES,RABAT,"{'date': '02/09/2026', 'time': '10:00'}",,,https://www.marchespublics.gov.ma/index.php?page=entreprise.EntrepriseDetailConsultation&refConsultation=1022218&orgAcronyme=g8e
29/07/2026,07/ANEF/2026,L’achat de fournitures informatiques pour le compte de l’Agence Nationale des Eaux et Forêts à Rabat (lot unique).,AGENCE NATIONALE DES EAUX ET FORETS,RABAT,"{'date': '02/09/2026', 'time': '10:00'}","1 190 820,00","20 000,00 MAD ",https://www.marchespublics.gov.ma/index.php?page=entreprise.EntrepriseDetailConsultation&refConsultation=1026882&orgAcronyme=w7t
06/08/2026,18/DRAI/DT/2026,"ACHAT DE MOBILIER, DE MATÉRIEL INFORMATIQUE ET D'ÉQUIPEMENTS DE BUREAU AU PROFIT DE LA DÉLÉGATION RÉGIONALE DES AFFAIRES ISLAMIQUES DE LA RÉGION DRAÂ-TAFILALET.",DELEGUE REGIONAL DES AFFAIRES ISLAMIQUES REGION DRAA TAFILALT,ERRACHIDIA,"{'date': '02/09/2026', 'time': '10:00'}","137 640,00","2 700,00 MAD ",https://www.marchespublics.gov.ma/index.php?page=entreprise.EntrepriseDetailConsultation&refConsultation=1027314&orgAcronyme=f4g
05/08/2026,15/2026/BG,Achat de matériel informatique pour les postes de commandement relevant de la Préfecture d'Oujda Angad,WALI LA REGION DE L'ORIENTAL ET GOUVERNEUR DE LA PREFECTURE OUJDA ANGAD,OUJDA-ANGAD,"{'date': '02/09/2026', 'time': '10:00'}","478 128,00","8 000,00 MAD ",https://www.marchespublics.gov.ma/index.php?page=entreprise.EntrepriseDetailConsultation&refConsultation=1030194&orgAcronyme=g3h
06/08/2026,10010945,Extension du portail Self-Service au profit de tous les collaborateurs de la SRM-SM,SOCIETE REGIONALE MULTISERVICES SOUSS - MASSA SA,AGADIR IDA OU TANANE,"{'date': '02/09/2026', 'time': '09:40'}","1 020 000,00","15 500,00 MAD ",https://www.marchespublics.gov.ma/index.php?page=entreprise.EntrepriseDetailConsultation&refConsultation=1030576&orgAcronyme=g3h
24/07/2026,26S039,Acquisition d’une solution MDM et licences associés,OFFICE NATIONAL DES CHEMINS DE FER,RABAT,"{'date': '02/09/2026', 'time': '09:00'}","651 360,00","9 800,00 MAD ",https://www.marchespublics.gov.ma/index.php?page=entreprise.EntrepriseDetailConsultation&refConsultation=1027152&orgAcronyme=o8p
03/08/2026,16/2026/BG,Achat du matériel informatique pour les postes de commandement de la Province El Hajeb,GOUVERNEUR DE LA PROVINCE D'EL HAJEB,EL-HAJEB,"{'date': '01/09/2026', 'time': '14:00'}","296 328,00","5 500,00 MAD ",https://www.marchespublics.gov.ma/index.php?page=entreprise.EntrepriseDetailConsultation&refConsultation=1025692&orgAcronyme=g3h
06/08/2026,08/2026/DSI,Le renouvellement des équipement d’interconnexions réseau de l’Agence Urbaine de Casablanca,AGENCE URBAINE DE CASABLANCA,CASABLANCA,"{'date': '01/09/2026', 'time': '12:00'}","1 199 880,00","20 000,00 MAD ",https://www.marchespublics.gov.ma/index.php?page=entreprise.EntrepriseDetailConsultation&refConsultation=1030796&orgAcronyme=g3h
11/08/2026,MA/ANSS/560936/GO/RFQ,"Acquisition, installation et configuration d’une solution SIEM (Security Information and Event
Management) au profit de l’Agence Nationale du Soutien Social (ANSS)",AGENCE NATIONALE DU SOUTIEN SOCIALE (ANSS),RABAT,"{'date': '01/09/2026', 'time': '11:30'}","1 700 000,00","30 000,00 MAD ",https://www.marchespublics.gov.ma/index.php?page=entreprise.EntrepriseDetailConsultation&refConsultation=1031951&orgAcronyme=g8e
27/07/2026,07/2026/SPRSAFI,"INSTALLATION DE PRÉ-CÂBLAGE ET ÉQUIPEMENTS RÉSEAUX INFORMATIQUES AU PROFIT DES ARRONDISSEMENTS DE POLICE RELEVANT DE LA SÛRETÉ PROVINCIALE DE SAFI ET DU DISTRICT PROVINCIAL DE YOUSSOUFIA, SISE A LA COMMUNE DE SAFI ET YOUSSOUFIA, PROVINCE DE SAFI ET YOUSSOUFIA, REGION DE MARRAKECH-SAFI",CHEF DE LA SURETE SAFI,SAFI,"{'date': '01/09/2026', 'time': '11:00'}","1 252 284,00","20 000,00 MAD ",https://www.marchespublics.gov.ma/index.php?page=entreprise.EntrepriseDetailConsultation&refConsultation=1002169&orgAcronyme=g3h
07/08/2026,8/2026/BG,"Formation continue au profit des fonctionnaires de la préfecture d’arrondissements Al Fida Mers Sultan au titre de l’année 2026 dans les thèmes : « Rédaction administrative », « Microsoft Power BI » et « Workflow IA – Automation »",GOUVERNEUR DE LA PREFECTURE D'ARRONDISSEMENTS AL FIDA MERS SULTAN,Préfecture d'Elfida Derb Soltane,"{'date': '01/09/2026', 'time': '11:00'}","39 420,00","700,00 MAD ",https://www.marchespublics.gov.ma/index.php?page=entreprise.EntrepriseDetailConsultation&refConsultation=1015840&orgAcronyme=g3h
29/07/2026,13/2026/CT,ACHAT DE MATERIEL INFORMATIQUE,Commune urbaine de TAOURIRT,TAOURIRT,"{'date': '01/09/2026', 'time': '11:00'}","629 004,00","12 580,00 MAD ",https://www.marchespublics.gov.ma/index.php?page=entreprise.EntrepriseDetailConsultation&refConsultation=1019297&orgAcronyme=f8y
07/08/2026,11/2026,ACHAT DE FOURNITURES POUR MATERIEL INFORMATIQUE ET TECHNIQUE POUR LE COMPTE  DE LA COMMUNE DE SIDI YAHIA ZAERS.,Commune de SIDI YAHYA ZAER,SKHIRATE-TEMARA,"{'date': '01/09/2026', 'time': '11:00'}","174 336,00","3 400,00 MAD ",https://www.marchespublics.gov.ma/index.php?page=entreprise.EntrepriseDetailConsultation&refConsultation=1026923&orgAcronyme=s3z
31/07/2026,04/2026,PROJET D’ADDUCTION D’EAU POTABLE DES DOUARS ASDAD DE LA COMMUNE DE BOUMERIEM,Commune rurale de BOUMERIEME,MAROC,"{'date': '01/09/2026', 'time': '11:00'}","1 326 460,70","26 530,00 MAD ",https://www.marchespublics.gov.ma/index.php?page=entreprise.EntrepriseDetailConsultation&refConsultation=1027548&orgAcronyme=f8y
30/07/2026,01/DRMS/2026/SONARGES,PRESTATION D’ANIMATION DES INFRASTRUCTURES SPORTIVES DE LA REGION MARRAKECH-SAFI.,SOCIETE NATIONALE DE REALISATION ET DE GESTION DES ÉQUIPEMENTS SPORTIFS,MARRAKECH,"{'date': '01/09/2026', 'time': '11:00'}","2 726 449,44","50 000,00 MAD ",https://www.marchespublics.gov.ma/index.php?page=entreprise.EntrepriseDetailConsultation&refConsultation=1028861&orgAcronyme=s3d
14/07/2026,12/2026,Acquisition de matériels et logiciels informatiques pour le compte du Secrétariat Général du Gouvernement,SECRETARIAT GENERAL DU GOUVERNEMENT,MAROC,"{'date': '01/09/2026', 'time': '10:30'}","2 327 400,00","45 000,00 MAD ",https://www.marchespublics.gov.ma/index.php?page=entreprise.EntrepriseDetailConsultation&refConsultation=1013760&orgAcronyme=g0u
22/07/2026,20/DRSI/2026,"renouvellement des licences des solutions informatiques du 
Département du Développement Durable relevant du Ministère de la Transition 
Energétique et du Développement Durable à Rabat (Lot Unique).",MINISTÈRE DE LA TRANSITION ENERGÉTIQUE ET DU DÉVELOPPEMENT DURABLE – DÉPARTEMENT DU DÉVELOPPEMENT DURABLE,RABAT,"{'date': '01/09/2026', 'time': '10:30'}","1 986 000,00","39 500,00 MAD ",https://www.marchespublics.gov.ma/index.php?page=entreprise.EntrepriseDetailConsultation&refConsultation=1022177&orgAcronyme=d4q
10/08/2026,33/2026/BG/PT,Achat de matériel informatique pour le fonctionnement de divers services et postes de commandement relevant de la Province de Taza.,GOUVERNEUR DE LA PROVINCE DE TAZA,TAZA,"{'date': '01/09/2026', 'time': '10:30'}","669 960,00","13 000,00 MAD ",https://www.marchespublics.gov.ma/index.php?page=entreprise.EntrepriseDetailConsultation&refConsultation=1023157&orgAcronyme=g3h
23/07/2026,2/2026/drh,"animation des séminaires de la formation continue au profit des fonctionnaires du Ministère de l’Equipement et de l’Eau en 04 lots : 
LOT N° 1 : DEVELOPPEMENT PERSONNEL
LOT N° 2 : ENVIRONNEMENT DE L’ADMINISTRATION PUBLIQUE
LOT N° 3 : COMPTABILITE PUBLIQUE
LOT N° 4 : APPROCHE STRATEGIQUE ET OUTILS DE PILOTAGE ORGANISATIONNEL",MINISTERE DE L'EQUIPEMENT ET DE L'EAU,RABAT,"{'date': '01/09/2026', 'time': '10:30'}",,,https://www.marchespublics.gov.ma/index.php?page=entreprise.EntrepriseDetailConsultation&refConsultation=1026427&orgAcronyme=o8p
07/08/2026,09/2026/BG,Achat de matériel informatique pour la Préfecture d’Arrondissements d’Ain Sebaâ-Hay Mohammadi (lot unique).,GOUVERNEUR DE LA PREFECTURE D'ARRONDISSEMENT D'AIN SBAA HAY MOHAMMADI,CASABLANCA,"{'date': '01/09/2026', 'time': '10:30'}","397 080,00","7 000,00 MAD ",https://www.marchespublics.gov.ma/index.php?page=entreprise.EntrepriseDetailConsultation&refConsultation=1027746&orgAcronyme=g3h
24/07/2026,09/2026/SAP,"TRAVAUX DE TRANSFERT, D’INSTALLATION ET DE MISE EN SERVICE D‘UNE SOLUTION DE VIDEOPROTECTION AU SIÈGE PROVISOIRE DE LA PRÉFECTURE DE POLICE DE FÈS  (LOT UNIQUE)",CHEF DE LA SURETE NATIONALE A FES,FES,"{'date': '01/09/2026', 'time': '10:00'}","329 388,00","6 580,00 MAD ",https://www.marchespublics.gov.ma/index.php?page=entreprise.EntrepriseDetailConsultation&refConsultation=1009925&orgAcronyme=g3h
13/07/2026,56/DGPC/2026,"ll’acquisition et l’installation du matériel et des logiciels pour la mise à niveau et l’extension de la solution de téléphonie destinées à la Direction Générale de la Protection Civile et les unités de la Protection Civile à Chefchaouen, Ouezzane, Taourirt, Jerada, Bouarfa, Driouch, Guercif, Sefrou, Missour, Moulay Yacoub, Taounate, El Hajeb, UMRI Fès, UMRI Casablanca, Béni Mellal, Azilal, Fquih Ben Salah, Essaouira, Chichaoua, Tahannaout, Rhamna (Ben Guerir), Youssoufia, Midelt, Ouarzazate, Zagora, Tinghir, Tiznit, Chtouka-Aït Baha (Biougra), Tata, Assa-Zag, UMRI Guelmim, Tan-Tan, Sidi Ifni, Boujdour, Tarfaya, Es-Semara et Aït Melloul (CNLAA) (Lot unique).",DIRECTION GENERALE DE LA PROTECTION CIVILE,CHEFCHAOUEN,"{'date': '01/09/2026', 'time': '10:00'}","3 973 200,00","70 000,00 MAD ",https://www.marchespublics.gov.ma/index.php?page=entreprise.EntrepriseDetailConsultation&refConsultation=1012760&orgAcronyme=w9x
05/08/2026,15/DDE/DISI/2026,Refonte de l’infrastructure téléphonique des services déconcentrés de la Direction des Domaines de l’Etat en lot unique.,DIRECTEUR DES DOMAINES,TANGER-ASSILAH,"{'date': '01/09/2026', 'time': '10:00'}","1 992 000,00","30 000,00 MAD ",https://www.marchespublics.gov.ma/index.php?page=entreprise.EntrepriseDetailConsultation&refConsultation=1023047&orgAcronyme=g8e
03/08/2026,15/2026/BG,Achat du matériel informatique au profit des services de la Province El Hajeb.,GOUVERNEUR DE LA PROVINCE D'EL HAJEB,EL-HAJEB,"{'date': '01/09/2026', 'time': '10:00'}","198 174,00","3 900,00 MAD ",https://www.marchespublics.gov.ma/index.php?page=entreprise.EntrepriseDetailConsultation&refConsultation=1025672&orgAcronyme=g3h
03/08/2026,03/AO/2026,"la réalisation des travaux de voirie et d’assainissement, d’eau potable, des travaux d’électrification, d’éclairage public et réseau téléphonique du projet Nassim Sud Tranche 3 (Secteur 6 et 7),",SOCIETE NATIONALE D'AMENAGEMENT COMMUNAL,CASABLANCA,"{'date': '01/09/2026', 'time': '10:00'}","54 138 720,00","650 000,00 MAD ",https://www.marchespublics.gov.ma/index.php?page=entreprise.EntrepriseDetailConsultation&refConsultation=1028289&orgAcronyme=g3h
05/08/2026,10007674/2026/SRMDT,"La mise en place d'un Système d'Information Géographique (SIG) institutionnel intégré, comprenant une Plateforme web SIG métier, au profit de la SRM Drâa-Tafilalet",SOCIETE REGIONALE MULTISERVICES DARAA - TAFILALET S.A,ERRACHIDIA,"{'date': '01/09/2026', 'time': '10:00'}","2 116 800,00","32 000,00 MAD ",https://www.marchespublics.gov.ma/index.php?page=entreprise.EntrepriseDetailConsultation&refConsultation=1028868&orgAcronyme=g3h
31/07/2026,120/26/AOO/ONDA,"Réalisation des actions de formation techniques au profit du personnel de l’ONDA :
Lot 1 : Formation RED Hat System Administration
Lot 2 : Formation et certification CISCO",OFFICE NATIONAL DES AEROPORTS,CASABLANCA,"{'date': '01/09/2026', 'time': '10:00'}",,,https://www.marchespublics.gov.ma/index.php?page=entreprise.EntrepriseDetailConsultation&refConsultation=1028954&orgAcronyme=o8p
06/08/2026,55/2026/DGM,Achat de matériels informatiques pour le Centre International de Conférences de la Direction Générale de la Météorologie. (Préfecture d’Arrondissements Hay Hassani).,DIRECTEUR DE LA METEOROLOGIE NATIONALE,CASABLANCA,"{'date': '01/09/2026', 'time': '10:00'}","1 572 000,00","30 000,00 MAD ",https://www.marchespublics.gov.ma/index.php?page=entreprise.EntrepriseDetailConsultation&refConsultation=1029149&orgAcronyme=k2q
05/08/2026,14/2026/BG,Achat de matériel informatique pour les services de la Préfecture d'Oujda Angad .,WALI LA REGION DE L'ORIENTAL ET GOUVERNEUR DE LA PREFECTURE OUJDA ANGAD,OUJDA-ANGAD,"{'date': '01/09/2026', 'time': '10:00'}","297 900,00","4 500,00 MAD ",https://www.marchespublics.gov.ma/index.php?page=entreprise.EntrepriseDetailConsultation&refConsultation=1030185&orgAcronyme=g3h
06/08/2026,07/2026/DSI,Le renouvellement des licences de sécurité informatique – Firewall frontal et EDR de l’Agence Urbaine de Casablanca.,AGENCE URBAINE DE CASABLANCA,CASABLANCA,"{'date': '01/09/2026', 'time': '10:00'}","559 676,40","10 000,00 MAD ",https://www.marchespublics.gov.ma/index.php?page=entreprise.EntrepriseDetailConsultation&refConsultation=1030761&orgAcronyme=g3h
10/08/2026,15/Portnet/2026,La passation d'un marché pour la prestation d’accompagnement à la mise à jour et à l'amélioration du système de management de la continuité d'activité (SMCA) en vue de la certification iso 22301 :2019 au profit de PORTNET S.A. en lot unique,SOCIETE PORTNET SA,CASABLANCA,"{'date': '01/09/2026', 'time': '10:00'}","200 000,40","4 000,00 MAD ",https://www.marchespublics.gov.ma/index.php?page=entreprise.EntrepriseDetailConsultation&refConsultation=1031704&orgAcronyme=o8p
11/08/2026,MA/ANSS/560929/GO/RFQ,"Extension de la plateforme système d’information principale pour le compte de l’Agence
Nationale du Soutien Social (ANSS)",AGENCE NATIONALE DU SOUTIEN SOCIALE (ANSS),RABAT,"{'date': '01/09/2026', 'time': '09:30'}","1 750 000,00","25 000,00 MAD ",https://www.marchespublics.gov.ma/index.php?page=entreprise.EntrepriseDetailConsultation&refConsultation=1031524&orgAcronyme=g8e
11/08/2026,MA/ANSS/563718/GO/RFQ,"Acquisition, installation et mise en service de fournitures matérielles et logicielles
destinées au renforcement de l’infrastructure SI de l’Agence Nationale du Soutien Social
(ANSS)",AGENCE NATIONALE DU SOUTIEN SOCIALE (ANSS),RABAT,"{'date': '01/09/2026', 'time': '09:30'}","1 500 000,00","22 000,00 MAD ",https://www.marchespublics.gov.ma/index.php?page=entreprise.EntrepriseDetailConsultation&refConsultation=1031952&orgAcronyme=g8e
22/07/2026,60/2026/DGH,"Acquisition, installation et mise en service d’une solution de sauvegarde au profit de la Direction Générale de l’Hydraulique à Rabat",DIRECTION GENERALE DE L'HYDRAULIQUE,RABAT,"{'date': '31/08/2026', 'time': '14:00'}","1 656 000,00","20 000,00 MAD ",https://www.marchespublics.gov.ma/index.php?page=entreprise.EntrepriseDetailConsultation&refConsultation=1023445&orgAcronyme=o8p
04/08/2026,54AOM/SNRT/2026,Renouvellement des licences de la solution de gestion financière pour les besoins de la Société Nationale de Radiodiffusion et de Télévision. (pour la conclusion d’un marché reconductible),LA SOCIETE NATIONALE DE RADIODIFFUSION ET DE TELEVISION,RABAT,"{'date': '31/08/2026', 'time': '13:00'}","112 824,00","1 600,00 MAD ",https://www.marchespublics.gov.ma/index.php?page=entreprise.EntrepriseDetailConsultation&refConsultation=1029744&orgAcronyme=x6c
07/08/2026,76/2026,l’assistance technique de l’Administration pour la préparation à la certification du Système de Management de la Sécurité de l’Information mis en place à la norme ISO 27001/2022 (Lot unique).,DIRECTEUR DES DOUANES ET IMPOTS INDIRECTS RABAT,RABAT,"{'date': '31/08/2026', 'time': '11:30'}","558 000,00","10 000,00 MAD ",https://www.marchespublics.gov.ma/index.php?page=entreprise.EntrepriseDetailConsultation&refConsultation=1030890&orgAcronyme=g8e
04/08/2026,06/2026,Entretien du siège administratif de la Commune de Tiztoutine – Province de Nador.,Commune rurale de TIZTOUTINE,NADOR,"{'date': '31/08/2026', 'time': '11:00'}","560 000,00","11 200,00 MAD ",https://www.marchespublics.gov.ma/index.php?page=entreprise.EntrepriseDetailConsultation&refConsultation=1029941&orgAcronyme=f8y
07/08/2026,46/PA/BG/2026,Achat de matériel Informatique pour l’équipement de sept (07) postes de commandement relevant de la Province d’Al-Hoceima,GOUVERNEUR DE LA PROVINCE D'AL HOCEIMA,AL HOCEIMA,"{'date': '31/08/2026', 'time': '11:00'}","520 800,00","10 000,00 MAD ",https://www.marchespublics.gov.ma/index.php?page=entreprise.EntrepriseDetailConsultation&refConsultation=1030388&orgAcronyme=g3h
22/07/2026,17/DDE/DISI/2026,La refonte de l’infrastructure du réseau LAN des services déconcentrés de la Direction des Domaines de l’Etat en lot unique,DIRECTEUR DES DOMAINES,RABAT,"{'date': '31/08/2026', 'time': '10:00'}","1 638 000,00","24 000,00 MAD ",https://www.marchespublics.gov.ma/index.php?page=entreprise.EntrepriseDetailConsultation&refConsultation=1021359&orgAcronyme=g8e
10/08/2026,47/PA/BG/2026,Achat de matériel informatique pour le siège de la Province d’Al Hoceima.,GOUVERNEUR DE LA PROVINCE D'AL HOCEIMA,AL HOCEIMA,"{'date': '31/08/2026', 'time': '10:00'}","198 900,00","3 500,00 MAD ",https://www.marchespublics.gov.ma/index.php?page=entreprise.EntrepriseDetailConsultation&refConsultation=1030439&orgAcronyme=g3h
05/08/2026,60/2026/ABHL,Organisation d’une session de formation au profit des équipes d’exploitation des barrages au titre de l'année 2026.,AGENCE DU BASSIN HYDRAULIQUE DU LOUKKOS,TANGER-ASSILAH,"{'date': '28/08/2026', 'time': '11:45'}","115 200,00","2 000,00 MAD ",https://www.marchespublics.gov.ma/index.php?page=entreprise.EntrepriseDetailConsultation&refConsultation=1030544&orgAcronyme=d4q
12/08/2026,16/DDE/DISI/2026,"L'acquisition des licences d’utilisation avec mise à jour du logiciel de sauvegarde installé au niveau de la Direction des Domaines de l'Etat, en lot unique.",DIRECTEUR DES DOMAINES,RABAT,"{'date': '28/08/2026', 'time': '10:00'}","768 000,00","11 000,00 MAD ",https://www.marchespublics.gov.ma/index.php?page=entreprise.EntrepriseDetailConsultation&refConsultation=1022144&orgAcronyme=g8e
04/08/2026,47/2026/ALOMRANE_SOUSS_MASSA,"La réalisation des travaux d'électrification 1°, 2° catégorie, l’éclairage public, travaux de génie civil et le câblage téléphonique de la zone d’activités économique in site et hors site à la commune territoriale de Tata, Province de TATA.",SOCIETE AL OMRANE SOUSS MASSA,TATA,"{'date': '28/08/2026', 'time': '10:00'}","8 210 460,00","100 000,00 MAD ",https://www.marchespublics.gov.ma/index.php?page=entreprise.EntrepriseDetailConsultation&refConsultation=1028240&orgAcronyme=j8k
05/08/2026,44/INDH/2026,"Équipement de quatre (4) centres sociaux destinés aux personnes en situation de handicap, situés dans les communes d'Issaguen, d'Al Hoceïma et de Targuist.",GOUVERNEUR DE LA PROVINCE D'AL HOCEIMA,AL HOCEIMA,"{'date': '28/08/2026', 'time': '10:00'}","492 600,00","9 000,00 MAD ",https://www.marchespublics.gov.ma/index.php?page=entreprise.EntrepriseDetailConsultation&refConsultation=1029467&orgAcronyme=g3h
07/08/2026,02RV/2026,"DEPLOIEMENT, ACCOMPAGNEMENT ET FORMATION E-GRV pour la Société de développement local RABAT VOYAGEUR",SOCIETE DE DEVELOPPEMENT LOCAL RABAT VOYAGEURS,RABAT,"{'date': '28/08/2026', 'time': '10:00'}","950 000,00","15 000,00 MAD ",https://www.marchespublics.gov.ma/index.php?page=entreprise.EntrepriseDetailConsultation&refConsultation=1031136&orgAcronyme=g3h
07/08/2026,21/2026/BG,ACHAT DU MATÉRIEL INFORMATIQUE POUR LA PROVINCE DE JERADA (lot unique),GOUVERNEUR DE JERADA,JERADA,"{'date': '28/08/2026', 'time': '10:00'}","189 478,80","3 780,00 MAD ",https://www.marchespublics.gov.ma/index.php?page=entreprise.EntrepriseDetailConsultation&refConsultation=1031414&orgAcronyme=g3h
12/08/2026,33/2026/DGI,"l’acquisition, l'installation et la mise en service de l’extension d'équipements pour le compte du centre opérationnel de sécurité de la Direction Générale des Impôts (lot unique).",DIRECTEUR DES IMPOTS -RABAT,RABAT,"{'date': '28/08/2026', 'time': '10:00'}","658 320,00","10 000,00 MAD ",https://www.marchespublics.gov.ma/index.php?page=entreprise.EntrepriseDetailConsultation&refConsultation=1031862&orgAcronyme=g8e
04/08/2026,53/2026/ABHL,ACHAT DES LOGICIELS INFORMATIQUES POUR L’ABHL,AGENCE DU BASSIN HYDRAULIQUE DU LOUKKOS,TETOUAN,"{'date': '27/08/2026', 'time': '12:45'}","692 700,00","13 500,00 MAD ",https://www.marchespublics.gov.ma/index.php?page=entreprise.EntrepriseDetailConsultation&refConsultation=1029889&orgAcronyme=d4q
04/08/2026,52/2026/ABHL,ACHAT DES FOURNITURES ET PRODUITS POUR MATERIELS INFORMATIQUE.,AGENCE DU BASSIN HYDRAULIQUE DU LOUKKOS,TETOUAN,"{'date': '27/08/2026', 'time': '12:30'}","222 000,00","4 000,00 MAD ",https://www.marchespublics.gov.ma/index.php?page=entreprise.EntrepriseDetailConsultation&refConsultation=1029912&orgAcronyme=d4q
04/08/2026,AO/130/2026,TRAVAUX D’ACHEVEMENT DE RESEAU TELEPHONIQUE LOT CABLAGE DU LOTISSEMENT RYAD SAISS TRANCHE 1 A OULED TAYEB PREFECTURE DE FES,SOCIETE AL OMRANE FES MEKNES,FES,"{'date': '27/08/2026', 'time': '12:00'}","1 947 885,60","30 000,00 MAD ",https://www.marchespublics.gov.ma/index.php?page=entreprise.EntrepriseDetailConsultation&refConsultation=1029735&orgAcronyme=j8k
03/08/2026,08/2026/INDH,ACHAT ET INSTALLATION DE MATERIEL INFORMATIQUE POUR LES SALLES DE RESSOURCE ET DE SOUTIEN DES ELEVES EN SITUATION D'HANDICAP DES ETABLISSEMENTS SCOLAIRES RELEVANT DE LA DIRECTION PROVINCIALE DE GUELMIM L'ACADEMIE REGIONALE DE L'EDUCATION ET DE LA FORMATION DE LA REGION GUELMIM OUED NOUN.,WALI DE LA REGION GUELMIM-OUED NOUN ET GOUVERNEUR DE LA PROVINCE GUELMIM,Province de Guelmim,"{'date': '27/08/2026', 'time': '11:00'}","283 680,00","5 000,00 MAD ",https://www.marchespublics.gov.ma/index.php?page=entreprise.EntrepriseDetailConsultation&refConsultation=1026479&orgAcronyme=g3h
29/07/2026,06/2026/DSI,"L’acquisition, l’installation et la mise en service de matériel informatique à l’Agence Urbaine de Casablanca",AGENCE URBAINE DE CASABLANCA,CASABLANCA,"{'date': '27/08/2026', 'time': '11:00'}","2 412 000,00","20 000,00 MAD ",https://www.marchespublics.gov.ma/index.php?page=entreprise.EntrepriseDetailConsultation&refConsultation=1028595&orgAcronyme=g3h
04/08/2026,ao/129/2026,"TRAVAUX D’ELECTRIFICATION MOYENNE TENSION, BASSE TENSION, ECLAIRAGE PUBLIC & RESEAU TELEPHONIQUE DU LOTISSEMENT DE LA ZONE INDUSTRIELLE OUISLANE (65HA)
COMMUNE D’OUISLANE
PRRFECTURE DE MEKNES",SOCIETE AL OMRANE FES MEKNES,MEKNES,"{'date': '27/08/2026', 'time': '11:00'}","24 056 682,00","400 000,00 MAD ",https://www.marchespublics.gov.ma/index.php?page=entreprise.EntrepriseDetailConsultation&refConsultation=1029888&orgAcronyme=j8k
06/08/2026,20/2026/so3303up,Acquisition de matériel informatique pour huit (08)  postes de  commandement relevant de la Province  –Province de Sidi Kacem-lot unique,GOUVERNEUR DE LA PROVINCE DE SIDI KACEM,Province de Sidi Kacem,"{'date': '27/08/2026', 'time': '11:00'}","477 000,00","9 500,00 MAD ",https://www.marchespublics.gov.ma/index.php?page=entreprise.EntrepriseDetailConsultation&refConsultation=1029945&orgAcronyme=g3h
03/08/2026,A118/RRA/2026,TRAVAUX D’EQUIPEMENT DE LA MAISON DES JEUNES SIS RIAD BOUKNADEL-PREFECTURE DE SALE,RABAT REGION AMENAGEMENT,SALE,"{'date': '27/08/2026', 'time': '10:00'}","950 784,00","14 500,00 MAD ",https://www.marchespublics.gov.ma/index.php?page=entreprise.EntrepriseDetailConsultation&refConsultation=1029614&orgAcronyme=g8e
12/08/2026,17/2026/DPJL,"Renouvellement des licences firewalls pour le compte des tribunaux de la circonscription judiciaire de Laâyoune, en lot unique",DIRECTION PROVINCIALE DE LA JUSTICE A LAAYOUNE,LAAYOUNE,"{'date': '27/08/2026', 'time': '10:00'}","381 600,00","7 000,00 MAD ",https://www.marchespublics.gov.ma/index.php?page=entreprise.EntrepriseDetailConsultation&refConsultation=1030528&orgAcronyme=t5y
07/08/2026,22/2026/BG,Achat du Matériel Informatique destines aux postes de commandement de la province de Jerada (lot unique).,GOUVERNEUR DE JERADA,JERADA,"{'date': '27/08/2026', 'time': '10:00'}","278 208,00","5 563,00 MAD ",https://www.marchespublics.gov.ma/index.php?page=entreprise.EntrepriseDetailConsultation&refConsultation=1031426&orgAcronyme=g3h
10/08/2026,05/AOO/DIE/DG/ANP/2026,PRESTATIONS DE REPARATION ET DE REMISE EN SERVICE DE LA BOUEE HOULOGRAPHIQUE DU PORT DE JORF LASFAR,AGENCE NATIONALE DES PORTS,EL JADIDA,"{'date': '27/08/2026', 'time': '10:00'}","589 200,00","11 784,00 MAD ",https://www.marchespublics.gov.ma/index.php?page=entreprise.EntrepriseDetailConsultation&refConsultation=1031744&orgAcronyme=o8p
16/07/2026,21/FA/DIV.GF/DIV.SIT/ZN/2026,"Achat de matériels audio visuels et fournitures pour matériels audio visuels et informatiques destinés à l’Inspection Générale des Forces Auxiliaires Zone Nord Rabat en trois lots :
- Lot n°1 : Matériels audio visuels ;
- Lot n°2 : Fournitures pour matériels Audio Visuels ;
- Lot n°3 : Fournitures pour matériels informatiques.",INSPECTION GENERALE DES FORCES AUXILIAIRES - ZONE NORD,RABAT,"{'date': '26/08/2026', 'time': '10:00'}",,,https://www.marchespublics.gov.ma/index.php?page=entreprise.EntrepriseDetailConsultation&refConsultation=1020867&orgAcronyme=g3h
03/08/2026,01/2026/INDHAAMI,SELECTION D'UNE ASSOCIATION QUALIFIEE POUR LA GESTION DU CENTRE D’EPANOUISSEMENT ARTISTIQUE ET LITTERAIRE DU CENTRE CULTUREL DES JEUNES A LA VILLE D’EL JADIDA.,GOUVERNEUR D'EL JADIDA,EL JADIDA,"{'date': '26/08/2026', 'time': '10:00'}","0,00","0,00 MAD ",https://www.marchespublics.gov.ma/index.php?page=entreprise.EntrepriseDetailConsultation&refConsultation=1029498&orgAcronyme=g3h
04/08/2026,17/ODCO/2026,Organisation et réalisation des sessions de formation au profit du personnel de l’Office du Développement de la Coopération,OFFICE DE DEVELOPPEMENT DE LA COOPERATION,RABAT,"{'date': '26/08/2026', 'time': '10:00'}","380 160,00","7 000,00 MAD ",https://www.marchespublics.gov.ma/index.php?page=entreprise.EntrepriseDetailConsultation&refConsultation=1030074&orgAcronyme=z0h
23/07/2026,08/2026/CARTTH,Assistance technique et accompagnement pour l’organisation du programme de Validation des Acquis et de l’Expérience Professionnelle (VAEP) au profit des artisans de la Région Tanger Tétouan Al-Hoceima,CHAMBRE DE L'ARTISANAT DE LA REGION TANGER TETOUAN AL HOCEIMA,TANGER-ASSILAH,"{'date': '25/08/2026', 'time': '11:00'}","300 000,00","5 000,00 MAD ",https://www.marchespublics.gov.ma/index.php?page=entreprise.EntrepriseDetailConsultation&refConsultation=1026579&orgAcronyme=d2q
27/07/2026,28/2026,"ACQUISITION DES LAMPES DES VIDEOPROJECTEURS AU PROFIT DES ECOLES ET COLLEGES PIONNIERS RELEVANT DE L’AREF DE LA REGION DE RABAT-SALE-KENITRA, EN LOT UNIQUE",ACADEMIE REGIONALE D'EDUCATION ET DE FORMATION RABAT-SALE- KENITRA,RABAT,"{'date': '25/08/2026', 'time': '11:00'}","3 961 440,00","70 000,00 MAD ",https://www.marchespublics.gov.ma/index.php?page=entreprise.EntrepriseDetailConsultation&refConsultation=1027422&orgAcronyme=p8x
10/08/2026,18/2026/GDE/BG,ACHAT DE MATÉRIEL INFORMATIQUE AU PROFIT DU SECRÉTARIAT GÉNÉRAL ET DES POSTES COMMANDEMENTS RELEVANT DE LA PROVINCE D'ESSAOUIRA,GOUVERNEUR D'ESSAOUIRA,Province d'Essaouira,"{'date': '25/08/2026', 'time': '11:00'}","619 200,00","12 300,00 MAD ",https://www.marchespublics.gov.ma/index.php?page=entreprise.EntrepriseDetailConsultation&refConsultation=1028039&orgAcronyme=g3h
29/07/2026,34/2026/MEF/AC/INF,"l’acquisition, l’installation et la mise en œuvre d’une solution de détection et de réponse sur les postes de travail (EDR) et d’une solution de scan de fichiers ainsi que les prestations de formation y afférentes au profit du Ministère de l’Economie et des Finances à Rabat.","MINISTERE DE L'ECONOMIE, ET DES FINANCES",MAROC,"{'date': '25/08/2026', 'time': '10:00'}","1 719 600,00","34 000,00 MAD ",https://www.marchespublics.gov.ma/index.php?page=entreprise.EntrepriseDetailConsultation&refConsultation=1004085&orgAcronyme=g8e
10/08/2026,11/BG/2026,Achat de matériel informatique au profit des postes de commandements relevant de la préfecture de Skhirate Témara.,GOUVERNEUR DE SKHIRAT TEMARA,SKHIRATE-TEMARA,"{'date': '25/08/2026', 'time': '10:00'}","566 400,00","10 000,00 MAD ",https://www.marchespublics.gov.ma/index.php?page=entreprise.EntrepriseDetailConsultation&refConsultation=1027503&orgAcronyme=g3h
31/07/2026,278/26/I/S,Achats de consommables informatiques de la SRM -MS DP SAFI,SOCIETE REGIONALE MULTISERVICES MARRAKECH - SAFI S.A,SAFI,"{'date': '25/08/2026', 'time': '10:00'}","959 748,00","19 000,00 MAD ",https://www.marchespublics.gov.ma/index.php?page=entreprise.EntrepriseDetailConsultation&refConsultation=1028997&orgAcronyme=g3h
31/07/2026,279/26/I/S,Acquisition de matériels informatiques (DP SAFI),SOCIETE REGIONALE MULTISERVICES MARRAKECH - SAFI S.A,SAFI,"{'date': '25/08/2026', 'time': '10:00'}","570 000,00","11 000,00 MAD ",https://www.marchespublics.gov.ma/index.php?page=entreprise.EntrepriseDetailConsultation&refConsultation=1029009&orgAcronyme=g3h
31/07/2026,36/2026/AREPO,Acquisition des équipements informatiques au profit du pôle culturel à Ahfir Province de Berkane,AGENCE REGIONALE D'EXECUTION DES PROJETS DE L'ORIENTAL,BERKANE,"{'date': '24/08/2026', 'time': '14:00'}","192 000,00","2 500,00 MAD ",https://www.marchespublics.gov.ma/index.php?page=entreprise.EntrepriseDetailConsultation&refConsultation=1028226&orgAcronyme=f8y
31/07/2026,95/2026/SOREC,La captation et la retransmission des courses marocaines pour l’année 2026 pour le compte de la SOREC – En lot unique.,SOCIETE ROYALE D'ENCOURAGEMENT DU CHEVAL,CASABLANCA,"{'date': '24/08/2026', 'time': '11:00'}","1 440 000,00","25 000,00 MAD ",https://www.marchespublics.gov.ma/index.php?page=entreprise.EntrepriseDetailConsultation&refConsultation=1029302&orgAcronyme=q1s
12/08/2026,30/2026/BG,Achat de fournitures pour le matériel informatique pour le secrétariat Général de la Préfecture de Meknès,GOUVERNEUR DE LA PREFECTURE DE MEKNES,MEKNES,"{'date': '24/08/2026', 'time': '11:00'}","450 000,00","8 500,00 MAD ",https://www.marchespublics.gov.ma/index.php?page=entreprise.EntrepriseDetailConsultation&refConsultation=1032088&orgAcronyme=g3h
28/07/2026,31/2026,"Acquisition, installation et mise en service de matériel informatique et de logiciels pour le compte des Tribunaux de la Circonscription de la Cour d’Appel de Rabat en lot unique.",DIRECTION PROVINCIALE DE LA JUSTICE DE RABAT,RABAT,"{'date': '24/08/2026', 'time': '10:30'}","1 395 000,00","27 500,00 MAD ",https://www.marchespublics.gov.ma/index.php?page=entreprise.EntrepriseDetailConsultation&refConsultation=1013743&orgAcronyme=t5y
11/08/2026,11/2026/DPA/42,Achat du matériel informatique pour les besoins des services de la direction provinciale de l’agriculture de Settat.,DIRECTION PROVINCIALE D'AGRICULTURE DE SETTAT,SETTAT,"{'date': '24/08/2026', 'time': '10:00'}","98 820,00","1 900,00 MAD ",https://www.marchespublics.gov.ma/index.php?page=entreprise.EntrepriseDetailConsultation&refConsultation=1014559&orgAcronyme=q1s
12/08/2026,57/2026,ACQUISITION DES DISQUES DURS INTERNE (SSD) POUR LE COMPTE DES TRIBUNAUX RELEVANT DE LA CIRCONSCRIPTION JUDICIAIRE D’AGADIR EN LOT UNIQUE.,DIRECTION PROVINCIALE DE LA JUSTICE D'AGADIR,AGADIR IDA OU TANANE,"{'date': '24/08/2026', 'time': '10:00'}","388 800,00","7 000,00 MAD ",https://www.marchespublics.gov.ma/index.php?page=entreprise.EntrepriseDetailConsultation&refConsultation=1023893&orgAcronyme=t5y
11/08/2026,17/Portnet/2026,"La passation d'un marché reconductible pour la prestation de souscription, maintenance et assistance de la plateforme de supervision pour le compte de PORTNET S.A. en lot unique",SOCIETE PORTNET SA,CASABLANCA,"{'date': '24/08/2026', 'time': '10:00'}","657 600,00","13 000,00 MAD ",https://www.marchespublics.gov.ma/index.php?page=entreprise.EntrepriseDetailConsultation&refConsultation=1032007&orgAcronyme=o8p
20/07/2026,11/2026/C.KHOURIBGA,"ACQUISITION DE MATERIEL INFORMATIQUE
POUR LE COMPTE DE LA COMMUNE DE KHOURIBGA.",Commune urbaine de KHOURIBGA,KHOURIBGA,"{'date': '19/08/2026', 'time': '11:00'}","702 360,00","14 000,00 MAD ",https://www.marchespublics.gov.ma/index.php?page=entreprise.EntrepriseDetailConsultation&refConsultation=1018080&orgAcronyme=h5r
06/08/2026,09/2026/TRA,Assistance technique et suivi des travaux relatifs aux projets d’aménagement au niveau de la Région de Tanger-Tétouan-Al Hoceima pour le compte de la Société Tanger Région Aménagements,SOCIETE TANGER REGION AMENAGEMENTS S.A,TANGER-ASSILAH,"{'date': '19/08/2026', 'time': '11:00'}","2 281 200,00","30 000,00 MAD ",https://www.marchespublics.gov.ma/index.php?page=entreprise.EntrepriseDetailConsultation&refConsultation=1030884&orgAcronyme=g3h
28/07/2026,AOOI59/2026,"la souscription et la Mise en Œuvre d’une Solution Enterprise Browser Sécurisé, en lot unique.",CAISSE NATIONALE DE SECURITE SOCIALE,CASABLANCA,"{'date': '19/08/2026', 'time': '10:45'}","1 828 800,00","30 000,00 MAD ",https://www.marchespublics.gov.ma/index.php?page=entreprise.EntrepriseDetailConsultation&refConsultation=1027635&orgAcronyme=o4d
07/08/2026,69/2026,Acquisition Du Matériel Informatique Pour le Compte de la Délégation Générale à l’Administration Pénitentiaires et à la Réinsertion En lot unique.,DELEGATION GENERALE A L'ADMINISTRATION PENITENTIAIRE ET A LA REINSERTION,RABAT,"{'date': '19/08/2026', 'time': '10:30'}","1 196 640,00","18 000,00 MAD ",https://www.marchespublics.gov.ma/index.php?page=entreprise.EntrepriseDetailConsultation&refConsultation=1012286&orgAcronyme=h5j
24/07/2026,21/DP/2026,"ACQUISITION, INSTALLATION ET MISE EN SERVICE DES FIREWALLS et RENOUVELLEMENT DES LICENCES FIREWALLS POUR LE COMPTE DES TRIBUNAUX DE LA CIRCONSCRIPTION JUDICIAIRE DE SAFI.
(Province de SAFI, YOUSSOUFIA ET ESSAOUIRA) en lot unique / Région : MARRAKECH-SAFI",SOUS DIRECTEUR REGIONAL AUPRES DE LA COURS D'APPEL DE SAFI,ESSAOUIRA,"{'date': '19/08/2026', 'time': '10:00'}","840 000,00","15 000,00 MAD ",https://www.marchespublics.gov.ma/index.php?page=entreprise.EntrepriseDetailConsultation&refConsultation=1017763&orgAcronyme=t5y
23/07/2026,013/2026/AMENDISTA,"Vente de ferraille issue des matériels informatiques -Ville de Tanger: 
Lot 1 : Matériels informatiques pour le compte d’Amendis Tanger ;
Lot 2 : Matériels informatiques pour le compte du service permanent de Contrôle de Tanger",AMENDIS,TANGER-ASSILAH,"{'date': '19/08/2026', 'time': '10:00'}",,,https://www.marchespublics.gov.ma/index.php?page=entreprise.EntrepriseDetailConsultation&refConsultation=1026389&orgAcronyme=g3h
06/08/2026,17/PB/DFM/INDH/2026,l'achat du matériel informatique pour le fonctionnement des services INDH relevant de la Province de Boulemane,GOUVERNEUR DE BOULMANE,Province de Boulemane,"{'date': '19/08/2026', 'time': '10:00'}","208 680,00","4 000,00 MAD ",https://www.marchespublics.gov.ma/index.php?page=entreprise.EntrepriseDetailConsultation&refConsultation=1028063&orgAcronyme=g3h
05/08/2026,41/INDH/2026,"Acquisition de matériel de cuisine, informatique et de mobilier au profit de Dar Talib TABARANT commune Bni Bouchibet, Dar Talib Tamasint commune Imrabten et Dar Taliba Ait Kamra  (Province d’Al Hoceima)",GOUVERNEUR DE LA PROVINCE D'AL HOCEIMA,AL HOCEIMA,"{'date': '19/08/2026', 'time': '10:00'}","359 256,00","7 000,00 MAD ",https://www.marchespublics.gov.ma/index.php?page=entreprise.EntrepriseDetailConsultation&refConsultation=1029401&orgAcronyme=g3h
22/07/2026,AOO/006/2026/DTDOD,L’abonnement à un service de Supervision et de Surveillance de la Sécurité des Systèmes d’Information,AUTORITE MAROCAINE DU MARCHE DES CAPITAUX,RABAT,"{'date': '18/08/2026', 'time': '16:00'}","660 000,00","13 200,00 MAD ",https://www.marchespublics.gov.ma/index.php?page=entreprise.EntrepriseDetailConsultation&refConsultation=1026067&orgAcronyme=g8e
05/08/2026,3/INDH/P5/2025,"ACHAT DE MATERIEL INFORMATIQUE AU PROFIT LA DIVISION DE L’ACTION SOCIALE 
DE LA PREFECTURE M’DIQ FNIDEQ- LOT UNIQUE",GOUVERNEUR DE LA PREFECTUREDE M'DIQ-FNIDEQ,Préfecture M’diq Fnideq,"{'date': '18/08/2026', 'time': '12:00'}","194 160,00","3 800,00 MAD ",https://www.marchespublics.gov.ma/index.php?page=entreprise.EntrepriseDetailConsultation&refConsultation=1026137&orgAcronyme=g3h
04/08/2026,34/AOO/RRM/2026,L’acquisition de licences informatiques pour le compte de Rabat Région Mobilité,SOCIETE RABAT REGION MOBILITE,RABAT,"{'date': '18/08/2026', 'time': '12:00'}","350 000,00","6 000,00 MAD ",https://www.marchespublics.gov.ma/index.php?page=entreprise.EntrepriseDetailConsultation&refConsultation=1030083&orgAcronyme=g3h
03/08/2026,35/BG/2026,Achat de matériel informatique pour la province de Berrechid,GOUVERNEUR DE LA PROVINCE DE BERRECHID,BERRECHID,"{'date': '18/08/2026', 'time': '11:00'}","253 800,00","4 000,00 MAD ",https://www.marchespublics.gov.ma/index.php?page=entreprise.EntrepriseDetailConsultation&refConsultation=1024380&orgAcronyme=g3h
23/07/2026,40AOM/SNRT/2026,La fourniture et la mise en service de logiciels et de licences de solutions IT pour les besoins de la Société Nationale de Radiodiffusion et de Télévision.,LA SOCIETE NATIONALE DE RADIODIFFUSION ET DE TELEVISION,RABAT,"{'date': '18/08/2026', 'time': '11:00'}","988 416,00","14 800,00 MAD ",https://www.marchespublics.gov.ma/index.php?page=entreprise.EntrepriseDetailConsultation&refConsultation=1025985&orgAcronyme=x6c
23/07/2026,06/2026/OMPIC,MAINTENANCE DE LA PLATEFORME RESEAU ET SECURITE DE L’OMPIC,OFFICE MAROCAIN DE LA PROPRIETE INDUSTRIELLE ET COMMERCIALE,CASABLANCA,"{'date': '18/08/2026', 'time': '11:00'}","1 879 200,00","30 000,00 MAD ",https://www.marchespublics.gov.ma/index.php?page=entreprise.EntrepriseDetailConsultation&refConsultation=1026705&orgAcronyme=m1w
06/08/2026,29/2026/BG,Acquisition de materiel informatique au profit de la Préfecture de Meknès,GOUVERNEUR DE LA PREFECTURE DE MEKNES,MEKNES,"{'date': '18/08/2026', 'time': '11:00'}","192 798,00","3 000,00 MAD ",https://www.marchespublics.gov.ma/index.php?page=entreprise.EntrepriseDetailConsultation&refConsultation=1029193&orgAcronyme=g3h
05/08/2026,16/Portnet/2026,la passation d'un marché pour la prestation de réalisation d’une mission d’audit de conformité à la DNSSI et à la lois 09-08 au profit de PORTNET S.A.,SOCIETE PORTNET SA,CASABLANCA,"{'date': '18/08/2026', 'time': '11:00'}","317 000,00","7 000,00 MAD ",https://www.marchespublics.gov.ma/index.php?page=entreprise.EntrepriseDetailConsultation&refConsultation=1030202&orgAcronyme=o8p
05/08/2026,31/2026/AREFBK,"Acquisition de matériel informatique au profil de l’AREF-Béni Mellal Khénifra, des directions provinciales et des établissements scolaires, en lot unique.",ACADEMIE REGIONALE D'EDUCATION ET DE FORMATION BENI MELLAL-KHENIFRA,BENI MELLAL,"{'date': '18/08/2026', 'time': '11:00'}","744 720,00","13 000,00 MAD ",https://www.marchespublics.gov.ma/index.php?page=entreprise.EntrepriseDetailConsultation&refConsultation=1030245&orgAcronyme=p8x
20/07/2026,20/2026,ACHAT DE FOURNITURE INFORMATIQUE DESTINEE A LA CENTRALISATION ET LA SECURISATION DE L’ACCES A L’INTERNET AU NIVEAU DE LA PREFECTURE DE POLICE D’AGADIR,PREFET DE LA POLICE DE AGADIR,Wilaya d'Agadir Ida Outanane,"{'date': '18/08/2026', 'time': '10:00'}","203 200,80","4 000,00 MAD ",https://www.marchespublics.gov.ma/index.php?page=entreprise.EntrepriseDetailConsultation&refConsultation=1021846&orgAcronyme=g3h
31/07/2026,92/2026/SOREC,Achat et production de capsules vidéo en IA pour le compte de la SOREC ; en lot unique.,SOCIETE ROYALE D'ENCOURAGEMENT DU CHEVAL,RABAT,"{'date': '18/08/2026', 'time': '10:00'}","720 000,00","10 000,00 MAD ",https://www.marchespublics.gov.ma/index.php?page=entreprise.EntrepriseDetailConsultation&refConsultation=1028110&orgAcronyme=q1s
05/08/2026,39/2026,"L’acquisition, l’installation et la mise en service des serveurs pour le compte de la circonscription judiciaire de Casablanca.",DIRECTION PROVINCIALE DE LA JUSTICE DE LA CIRCONSCRIPTION JUDICIAIRE DE LA COUR D’APPEL DE CASABLANCA,CASABLANCA,"{'date': '18/08/2026', 'time': '10:00'}","120 000,00","2 200,00 MAD ",https://www.marchespublics.gov.ma/index.php?page=entreprise.EntrepriseDetailConsultation&refConsultation=1030421&orgAcronyme=t5y
07/08/2026,C/063/26,Fourniture d’équipements informatiques,SOCIETE REGIONALE MULTISERVICES GUELMIM - OUED NOUN S.A,GUELMIM,"{'date': '18/08/2026', 'time': '10:00'}","1 200 000,00","22 000,00 MAD ",https://www.marchespublics.gov.ma/index.php?page=entreprise.EntrepriseDetailConsultation&refConsultation=1030682&orgAcronyme=g3h
05/08/2026,08/DAR/2026,FOURNITURE ET INSTALLATION DES EQUIPEMENTS NECESSAIRES AU FONCTIONNEMENT DU CENTRE SOCIAL POUR ENFANTS EN SITUATION DE HANDICAP AU NIVEAU DE LA COMMUNE OUALIDIA AU PROFIT DE LA COLLECTIVITÉ ETHNIQUE OUALIDIA,GOUVERNEUR DE LA PROVINCE DE SIDI BENNOUR,Sidi Bennour,"{'date': '17/08/2026', 'time': '11:00'}","432 384,00","8 000,00 MAD ",https://www.marchespublics.gov.ma/index.php?page=entreprise.EntrepriseDetailConsultation&refConsultation=1026523&orgAcronyme=g3h
06/08/2026,28/2026/BG,Acquisition de matériel informatique au profit des postes de commandements relevant de la Préfecture de Meknès,GOUVERNEUR DE LA PREFECTURE DE MEKNES,MEKNES,"{'date': '17/08/2026', 'time': '11:00'}","674 100,00","10 000,00 MAD ",https://www.marchespublics.gov.ma/index.php?page=entreprise.EntrepriseDetailConsultation&refConsultation=1029172&orgAcronyme=g3h
05/08/2026,26/2026/AMMPS,"ACQUISITION, INSTALLATION, QUALIFICATION ET MISE EN SERVICE D’UNE SOLUTION DE MONITORING DES CONDITIONS ENVIRONNEMENTALES AU PROFIT DE L'AGENCE MAROCAINE DU MEDICAMENT ET DES PRODUITS DE SANTE",AGENCE MAROCAINE DU MEDICAMENT ET DES PRODUITS DE SANTE,RABAT,"{'date': '17/08/2026', 'time': '11:00'}","1 040 040,00","20 000,00 MAD ",https://www.marchespublics.gov.ma/index.php?page=entreprise.EntrepriseDetailConsultation&refConsultation=1029715&orgAcronyme=q9t
29/07/2026,33/2026/AMDL,ACHAT DE FOURNITURES POUR MATERIEL TECHNIQUE ET INFORMATIQUE POUR LE COMPTE DE L’AGENCE MAROCAINE DE DEVELOPPEMENT DE LA LOGISTIQUE,AGENCE MAROCAINE DE DEVELOPPEMENT DE LA LOGISTIQUE,RABAT,"{'date': '17/08/2026', 'time': '10:30'}","98 107,20","1 000,00 MAD ",https://www.marchespublics.gov.ma/index.php?page=entreprise.EntrepriseDetailConsultation&refConsultation=1028662&orgAcronyme=o8p
28/07/2026,47/2026,"Hébergement et infogérance du site web, de la messagerie professionnelle et des applications de la Région Souss Massa.",REGION DE SOUS-MASSA,AGADIR IDA OU TANANE,"{'date': '17/08/2026', 'time': '10:00'}","194 700,00","3 000,00 MAD ",https://www.marchespublics.gov.ma/index.php?page=entreprise.EntrepriseDetailConsultation&refConsultation=1020670&orgAcronyme=f9f
23/07/2026,70/DGPC/2026,les travaux d’aménagement et d’installation des blocs modulaires destinés à l’Ecole Nationale de la Protection Civile à Casablanca (lot unique).,DIRECTION GENERALE DE LA PROTECTION CIVILE,CASABLANCA,"{'date': '17/08/2026', 'time': '10:00'}","5 357 292,00","100 000,00 MAD ",https://www.marchespublics.gov.ma/index.php?page=entreprise.EntrepriseDetailConsultation&refConsultation=1021951&orgAcronyme=w9x
31/07/2026,15/2026/PB/DFM/BG,ACHAT  DE  MATERIELS  INFORMATIQUES  POUR  L’EQUIPEMENT  DES SERVICES ADMINISTRATIFS DE LA PROVINCE  DE BOULEMANE,GOUVERNEUR DE BOULMANE,Province de Boulemane,"{'date': '17/08/2026', 'time': '10:00'}","912 360,00","18 000,00 MAD ",https://www.marchespublics.gov.ma/index.php?page=entreprise.EntrepriseDetailConsultation&refConsultation=1023107&orgAcronyme=g3h
25/07/2026,27/2026/BG,Achat de matériel informatique au profit du secrétariat général et les postes de commandement relevant de la province d’Al Haouz,GOUVERNEUR DE LA PROVINCE D'EL HAOUZ,AL HAOUZ,"{'date': '17/08/2026', 'time': '10:00'}","682 380,00","10 000,00 MAD ",https://www.marchespublics.gov.ma/index.php?page=entreprise.EntrepriseDetailConsultation&refConsultation=1024566&orgAcronyme=g3h
21/07/2026,19/2026/HAO,EVOLUTION ET MAINTENANCE DE LA PLATEFORME DE MONITORING DES PROJETS INJAZ,HOLDING AL OMRANE,RABAT,"{'date': '17/08/2026', 'time': '10:00'}","2 544 000,00","38 000,00 MAD ",https://www.marchespublics.gov.ma/index.php?page=entreprise.EntrepriseDetailConsultation&refConsultation=1025837&orgAcronyme=j8k
24/07/2026,24/2026/ADA/DAF/DMF/SE,Organisation d’un voyage d’étude pour le renforcement des capacités en gestion des projets climatiques dans le cadre du projet de Développement de l’Arganiculture dans les Zones Vulnérables (DARED) financé par le Fonds Vert pour le Climat (FVC),AGENCE POUR LE DEVELOPPEMENT AGRICOLE,FRANCE,"{'date': '17/08/2026', 'time': '10:00'}","1 325 040,00","10 000,00 MAD ",https://www.marchespublics.gov.ma/index.php?page=entreprise.EntrepriseDetailConsultation&refConsultation=1026895&orgAcronyme=q1s
05/08/2026,6BG2026,"ACHAT DE MATERIEL INFORMATQUE AU PROFIT DE :
-LA PROVINCE DE CHTOUKA AIT BAHA 
- LES  POSTES  DE COMMANDEMENT RELEVANT DE LA PROVINCE DE CHTOUKA AIT BAHA",GOUVERNEUR DE LA PROVINCE DE CHTOUKA AIT BAHA,CHTOUKA-AIT BAHA,"{'date': '17/08/2026', 'time': '10:00'}","573 099,00","11 000,00 MAD ",https://www.marchespublics.gov.ma/index.php?page=entreprise.EntrepriseDetailConsultation&refConsultation=1027084&orgAcronyme=g3h
06/08/2026,26/INDH/PSS/2026,ACQUISITION DES EQUIPEMENTS AU PROFIT DES PORTEURS DES PROJETS INDH PROGRAMMES PAR LE CPDH 12 DANS LE CADRE DE L’AXE « APPUI A L’ENTREPRENEURIAT »-PROVINCE DE SIDI SLIMANE-LOT UNIQUE,Province Sidi Slimane,SIDI SLIMANE,"{'date': '17/08/2026', 'time': '10:00'}","975 558,72","12 000,00 MAD ",https://www.marchespublics.gov.ma/index.php?page=entreprise.EntrepriseDetailConsultation&refConsultation=1028404&orgAcronyme=g3h
14/07/2026,11/2026/SMMG,prestations de services relatives à l’hébergement sur infrastructure Cloud IaaS et infogérance de la sécurité de cette infrastructure.,CENTRE CINEMATOGRAPHIQUE MAROCAIN,RABAT,"{'date': '13/08/2026', 'time': '14:00'}","252 000,00","5 000,00 MAD ",https://www.marchespublics.gov.ma/index.php?page=entreprise.EntrepriseDetailConsultation&refConsultation=1023536&orgAcronyme=x6c
14/07/2026,75/26,"TRAVAUX D’ÉLECTRIFICATION HTA/BT, TÉLÉCOMMUNICATION ET ÉCLAIRAGE PUBLIC DU PROJET « OASIS CITY » SIS À LA PRÉFECTURE D’ARRONDISSEMENTS CASABLANCA-ANFA ARRONDISSEMENT MAARIF.",SOCIETE AL OMRANE CASABLANCA,MAROC,"{'date': '13/08/2026', 'time': '11:00'}","13 493 172,00","203 000,00 MAD ",https://www.marchespublics.gov.ma/index.php?page=entreprise.EntrepriseDetailConsultation&refConsultation=1023152&orgAcronyme=j8k
28/07/2026,28/CT/2026,FOURNITURES POUR MATERIEL INFORMATIQUE,Commune urbaine de TANGER,TANGER-ASSILAH,"{'date': '13/08/2026', 'time': '11:00'}","347 000,00","6 000,00 MAD ",https://www.marchespublics.gov.ma/index.php?page=entreprise.EntrepriseDetailConsultation&refConsultation=1024503&orgAcronyme=l1f
21/07/2026,21/2026,Travaux d’achèvement du centre d'incubation des jeunes diplômés à Fquih Ben Salah.,Commune de Fquih Ben Salah,FQUIH BEN SALAH,"{'date': '13/08/2026', 'time': '11:00'}","6 019 260,00","100 000,00 MAD ",https://www.marchespublics.gov.ma/index.php?page=entreprise.EntrepriseDetailConsultation&refConsultation=1025566&orgAcronyme=z9k
22/07/2026,19/2026,Travaux de construction d’un centre commercial Al Amane 1 à la commune de Boujdour – Province de Boujdour –,Commune urbaine de BOUJDOUR,BOUJDOUR,"{'date': '13/08/2026', 'time': '11:00'}","9 131 881,20","135 000,00 MAD ",https://www.marchespublics.gov.ma/index.php?page=entreprise.EntrepriseDetailConsultation&refConsultation=1025651&orgAcronyme=b1d
18/07/2026,68/2026/CM,Achat de mobilier de bureau et matériels informatiques au profit du bureau d’hygiène pour le compte de la commune de Marrakech,Commune urbaine de MARRAKECH,MARRAKECH,"{'date': '13/08/2026', 'time': '10:30'}","2 251 152,00","39 000,00 MAD ",https://www.marchespublics.gov.ma/index.php?page=entreprise.EntrepriseDetailConsultation&refConsultation=1014399&orgAcronyme=j0w
29/07/2026,79/DGPC/2026,Acquisition des pièces de rechange pour l’entretien des équipements informatiques destinés à la Direction Générale de la Protection Civile à Rabat (lot unique).,DIRECTION GENERALE DE LA PROTECTION CIVILE,RABAT,"{'date': '13/08/2026', 'time': '10:00'}","139 800,00","2 000,00 MAD ",https://www.marchespublics.gov.ma/index.php?page=entreprise.EntrepriseDetailConsultation&refConsultation=1020433&orgAcronyme=w9x
21/07/2026,28/2026/INDH,Equipement de Dar Taliba Ain Jemaa-Préfecture de Meknès,GOUVERNEUR DE LA PREFECTURE DE MEKNES,MEKNES,"{'date': '13/08/2026', 'time': '10:00'}","858 816,00","12 000,00 MAD ",https://www.marchespublics.gov.ma/index.php?page=entreprise.EntrepriseDetailConsultation&refConsultation=1023464&orgAcronyme=g3h
14/07/2026,10/2026/SMMG,Élaboration de l’identité visuelle du Centre Cinématographique Marocain et refonte de son portail Web institutionnel multilingue.,CENTRE CINEMATOGRAPHIQUE MAROCAIN,RABAT,"{'date': '13/08/2026', 'time': '10:00'}","420 000,00","8 000,00 MAD ",https://www.marchespublics.gov.ma/index.php?page=entreprise.EntrepriseDetailConsultation&refConsultation=1023531&orgAcronyme=x6c
21/07/2026,58/2026/DRSPSFM,Acquisition et installation de matériel informatique au profit du centre dentaire multidisciplinaire à la préfecture de FES relevant de la Direction régionale de la Santé et de la Protection Sociale à la région Fès-Meknès.,DIRECTION REGIONALE DE LA SANTE A LA REGION DE FES MEKNES,MAROC,"{'date': '13/08/2026', 'time': '10:00'}","2 030 400,00","40 000,00 MAD ",https://www.marchespublics.gov.ma/index.php?page=entreprise.EntrepriseDetailConsultation&refConsultation=1024894&orgAcronyme=q9t
27/07/2026,09/2026/INDH/PG,Acquisition des équipements pour le centre d’épanouissement artistique et littéraire à la Province de Guercif.,Province de Guercif,GUERCIF,"{'date': '13/08/2026', 'time': '10:00'}","160 404,00","3 000,00 MAD ",https://www.marchespublics.gov.ma/index.php?page=entreprise.EntrepriseDetailConsultation&refConsultation=1025961&orgAcronyme=g3h
30/07/2026,14/2026/CE,"L'EXTENSION DE SYSTÉME DE SURVEILLANCE À LA NOUVELLE GARE ROUTIÈRE AU 
PROFIT DE LA COMMUNE D’ERRACHIDIA",Commune urbaine de ERRACHIDIA,Province d'Errachidia,"{'date': '13/08/2026', 'time': '10:00'}","620 550,00","10 000,00 MAD ",https://www.marchespublics.gov.ma/index.php?page=entreprise.EntrepriseDetailConsultation&refConsultation=1026768&orgAcronyme=q0x
29/07/2026,28/2026/BG,ACHAT DE MATÉRIEL INFORMATIQUE AU PROFIT DES POSTES DE COMMANDEMENT DE LA PROVINCE DE CHEFCHAOUEN,GOUVERNEUR DE CHEFCHAOUEN,CHEFCHAOUEN,"{'date': '12/08/2026', 'time': '12:30'}","392 400,00","7 000,00 MAD ",https://www.marchespublics.gov.ma/index.php?page=entreprise.EntrepriseDetailConsultation&refConsultation=1028443&orgAcronyme=g3h
17/07/2026,31/2026/ND/EQPCHSOS,EQUIPEMENTS DU CENTRE D’HEBERGEMENT DES SPORTIFS A LA COMMUNE D’OULED SALEH,S.D.L NOUACEUR DEVELOPPEMENT S.A,NOUACEUR,"{'date': '12/08/2026', 'time': '11:00'}","1 954 116,00","38 000,00 MAD ",https://www.marchespublics.gov.ma/index.php?page=entreprise.EntrepriseDetailConsultation&refConsultation=1025017&orgAcronyme=g3h
21/07/2026,18/2026/CTSA/S,"ACQUISITION DU MATERIEL INFORMATIQUE, POUR LA SOCIETE CASA TRANSPORTS",CASABLANCA TRANSPORT EN SITE AMENAGE SA,CASABLANCA,"{'date': '12/08/2026', 'time': '10:00'}","333 600,00","3 400,00 MAD ",https://www.marchespublics.gov.ma/index.php?page=entreprise.EntrepriseDetailConsultation&refConsultation=1024514&orgAcronyme=g3h
21/07/2026,32/2026/ABHBC,Assistance à l’externalisation du projet Portail des usagers de l’eau vers un datacenter souverain,AGENCE DU BASSAIN HYDRAULIQUE DU BOUREGREG ET DE LA CHAOUIA,BENSLIMANE,"{'date': '12/08/2026', 'time': '10:00'}","180 000,00","3 500,00 MAD ",https://www.marchespublics.gov.ma/index.php?page=entreprise.EntrepriseDetailConsultation&refConsultation=1025584&orgAcronyme=d4q
29/07/2026,27/2026/BG,ACHAT DE MATÉRIEL INFORMATIQUE AU PROFIT DU SECRÉTARIAT GÉNÉRAL DE LA PROVINCE DE CHEFCHAOUEN,GOUVERNEUR DE CHEFCHAOUEN,CHEFCHAOUEN,"{'date': '12/08/2026', 'time': '09:30'}","592 260,00","11 000,00 MAD ",https://www.marchespublics.gov.ma/index.php?page=entreprise.EntrepriseDetailConsultation&refConsultation=1028423&orgAcronyme=g3h
14/07/2026,50303/E3/DSID,FOURNITURE DE CONSOMMABLES INFORMATIQUES,OFFICE NATIONAL DES CHEMINS DE FER,RABAT,"{'date': '12/08/2026', 'time': '09:00'}","1 800 000,00","27 000,00 MAD ",https://www.marchespublics.gov.ma/index.php?page=entreprise.EntrepriseDetailConsultation&refConsultation=1022663&orgAcronyme=o8p
20/07/2026,26S033,"Refonte des solutions cybersécurité :
	Lot 1 : Acquisition des licences de la solution de gestion de vulnérabilités.
	Lot 2 : Acquisition des licences du portail de gestion des certificats SSL.",OFFICE NATIONAL DES CHEMINS DE FER,RABAT,"{'date': '12/08/2026', 'time': '09:00'}",,,https://www.marchespublics.gov.ma/index.php?page=entreprise.EntrepriseDetailConsultation&refConsultation=1025162&orgAcronyme=o8p
20/07/2026,03/2026/DAFE,L’autorisation d’occupation temporaire du domaine public de la Commune de Tétouan pour l’installation de panneaux publicitaires Lot 1,Commune urbaine de TETOUAN,TETOUAN,"{'date': '11/08/2026', 'time': '12:00'}","1 830 000,00","915 000,00 MAD ",https://www.marchespublics.gov.ma/index.php?page=entreprise.EntrepriseDetailConsultation&refConsultation=1024116&orgAcronyme=l1f
28/07/2026,36/BG/2026,L’ACQUISITION DU MATERIEL INFORMATIQUE POUR L'EQUIPEMENT DE SIX (06) POSTES DE COMMANDEMENT RELEVANT DE LA PROVINCE DE LARACHE.,GOUVERNEUR DE LA PROVINCE DE LARACHE,LARACHE,"{'date': '11/08/2026', 'time': '12:00'}","309 600,00","6 000,00 MAD ",https://www.marchespublics.gov.ma/index.php?page=entreprise.EntrepriseDetailConsultation&refConsultation=1025820&orgAcronyme=g3h
21/07/2026,20/2026,Travaux d’achèvement du centre Technopole à la ville de Fquih Ben Salah,Commune de Fquih Ben Salah,FQUIH BEN SALAH,"{'date': '11/08/2026', 'time': '11:00'}","6 210 000,00","100 000,00 MAD ",https://www.marchespublics.gov.ma/index.php?page=entreprise.EntrepriseDetailConsultation&refConsultation=1025479&orgAcronyme=z9k
29/07/2026,AOO4/BG/2026,Achat de fournitures informatiques pour la Préfecture d’Arrondissement Hay Hassani-Casablanca-».Lot unique,GOUVERNEUR DE LA PREFECTURE D'ARRONDISSEMENT DE HAY HASSANI,CASABLANCA,"{'date': '11/08/2026', 'time': '10:30'}","373 395,51","7 400,00 MAD ",https://www.marchespublics.gov.ma/index.php?page=entreprise.EntrepriseDetailConsultation&refConsultation=1001212&orgAcronyme=g3h
31/07/2026,45/FA/DIV.G.F./DIV.S.I.T/ZN/2026,l’acquisition de PC Portables et de tablettes au profit de l’Inspection Générale des Forces Auxiliaires Zone Nord rabat en lot unique.,INSPECTION GENERALE DES FORCES AUXILIAIRES - ZONE NORD,RABAT,"{'date': '11/08/2026', 'time': '10:00'}","133 200,00","1 500,00 MAD ",https://www.marchespublics.gov.ma/index.php?page=entreprise.EntrepriseDetailConsultation&refConsultation=1018111&orgAcronyme=g3h
16/07/2026,09/2026/INDH,"Organisation des sessions de formation et de renforcement des capacités, d’accompagnement et de consolidation de la performance de l’écosystème de l’INDH de la Préfecture d’Oujda-Angad au titre de l’année 2026.",WALI LA REGION DE L'ORIENTAL ET GOUVERNEUR DE LA PREFECTURE OUJDA ANGAD,OUJDA-ANGAD,"{'date': '11/08/2026', 'time': '10:00'}","216 000,00","3 500,00 MAD ",https://www.marchespublics.gov.ma/index.php?page=entreprise.EntrepriseDetailConsultation&refConsultation=1024094&orgAcronyme=g3h
17/07/2026,31/2026,"FOURNITURE, INSTALLATION ET MISE EN MARCHE DES CLIMATISEURS EN LOT UNIQUE.",LABORATOIRE PUBLIC D'ESSAIS ET D'ETUDES,CASABLANCA,"{'date': '11/08/2026', 'time': '10:00'}","0,00","0,00 MAD ",https://www.marchespublics.gov.ma/index.php?page=entreprise.EntrepriseDetailConsultation&refConsultation=1024516&orgAcronyme=o8p
17/07/2026,13/Portnet/2026,"la passation d’un marché pour la prestation d’acquisition, installation et mise en service d'une infrastructure d'intelligence artificielle (on-premise) pour le compte de PORTNET SA En lot unique",SOCIETE PORTNET SA,CASABLANCA,"{'date': '11/08/2026', 'time': '10:00'}","2 400 000,00","48 000,00 MAD ",https://www.marchespublics.gov.ma/index.php?page=entreprise.EntrepriseDetailConsultation&refConsultation=1024754&orgAcronyme=o8p
24/07/2026,05/2026/SR,": ACQUISITION ET INSTALLATION DES GUERITES MOBILES EN ALUMINIUM ET PARASOLS AU PROFIT DE LA SURETE REGIONALE DE TAZA, PROVINCE TAZA , DISTRICT PROVINCIAL DE TAOUNATE  ET LE COMMISSARIAT DE CIRCONSCRIPTION DE KARIAT BA MOHAMED   – PROVINCE TAOUNATE  . LOT UNIQUE –",CHEF DE LA SURETE REGIONALE TAZA,TAOUNATE,"{'date': '11/08/2026', 'time': '10:00'}","146 400,00","2 900,00 MAD ",https://www.marchespublics.gov.ma/index.php?page=entreprise.EntrepriseDetailConsultation&refConsultation=1027029&orgAcronyme=g3h
29/07/2026,03/2026/BG,L’ACHAT DE MATERIEL INFORMATIQUE POUR LES ANNEXES ADMINISTRATIVES RELEVANT DE LA PROVINCE DE MEDIOUNA-LOT UNIQUE,GOUVERNEUR DE LA PROVINCE DE MEDIONA,MEDIOUNA,"{'date': '11/08/2026', 'time': '10:00'}","347 760,00","5 000,00 MAD ",https://www.marchespublics.gov.ma/index.php?page=entreprise.EntrepriseDetailConsultation&refConsultation=1027206&orgAcronyme=g3h
28/07/2026,15/ODCO/2026.,L’achat du matériel et logiciels informatiques pour le compte de l’Office du Développement de la Coopération,OFFICE DE DEVELOPPEMENT DE LA COOPERATION,RABAT,"{'date': '11/08/2026', 'time': '10:00'}","346 272,00","6 500,00 MAD ",https://www.marchespublics.gov.ma/index.php?page=entreprise.EntrepriseDetailConsultation&refConsultation=1028089&orgAcronyme=z0h
17/07/2026,9/2026/BG,Achat des Télécopieurs en lot unique,GOUVERNEUR DE LA PREFECTURE D'ARRONDISSEMENTS AL FIDA MERS SULTAN,Préfecture d'Elfida Derb Soltane,"{'date': '10/08/2026', 'time': '11:00'}","54 000,00","1 000,00 MAD ",https://www.marchespublics.gov.ma/index.php?page=entreprise.EntrepriseDetailConsultation&refConsultation=1017033&orgAcronyme=g3h
16/07/2026,05/TM/2026,TRAVAUX DE CONSTRUCTION DE BATIMENTS TOUS CORPS D’ETAT ET EQUIPEMENTS DU PROJET DU CENTRE DE REMISAGE DES BUS ROCADE DES DEUX MERS À TANGER,"Société de Développement Local ""Tanja Mobilité""",MAROC,"{'date': '10/08/2026', 'time': '11:00'}","29 882 132,76","500 000,00 MAD ",https://www.marchespublics.gov.ma/index.php?page=entreprise.EntrepriseDetailConsultation&refConsultation=1024194&orgAcronyme=g3h
29/07/2026,04/CAR/2026,PROJET INTEGRE D’EQUIPEMENT DU NOUVEAU SIEGE DE LA COMMUNE D’AIN ERREGGADA (1er Tranche).,Commune urbaine de AIN ERREGGADA,BERKANE,"{'date': '10/08/2026', 'time': '11:00'}","472 500,00","5 000,00 MAD ",https://www.marchespublics.gov.ma/index.php?page=entreprise.EntrepriseDetailConsultation&refConsultation=1026158&orgAcronyme=f8y
30/07/2026,04/2026/CRRAR,"Acquisition de matériel informatique pour le Centre Régional de la Recherche Agronomique de Rabat, en lot unique",INSTITUT NATIONAL DE LA RECHERCHE AGRONOMIQUE/ CENTRE REGIONAL DE LA RECHERCHE AGRONOMIQUE DE RABAT,RABAT,"{'date': '10/08/2026', 'time': '11:00'}","168 000,00","3 000,00 MAD ",https://www.marchespublics.gov.ma/index.php?page=entreprise.EntrepriseDetailConsultation&refConsultation=1028725&orgAcronyme=q1s
29/07/2026,CNER/04/2026,Achat de matériels informatiques pour le compte du Centre National d’Etudes et de Recherches Routières,CHEF DU CENTRE NATIONAL DES ETUDES ET DE RECHERCHES ROUTIERES,RABAT,"{'date': '10/08/2026', 'time': '10:00'}","261 600,00","5 000,00 MAD ",https://www.marchespublics.gov.ma/index.php?page=entreprise.EntrepriseDetailConsultation&refConsultation=1019597&orgAcronyme=o8p
17/07/2026,23/2026/BG,ACHAT  DE FOURNITURES POUR LE MATERIEL INFORMATIQUE POUR LE SECRETARIAT GENERAL  AU PROFIT DE LA PREFECTURE DE MEKNES,GOUVERNEUR DE LA PREFECTURE DE MEKNES,MEKNES,"{'date': '10/08/2026', 'time': '10:00'}","450 000,00","8 500,00 MAD ",https://www.marchespublics.gov.ma/index.php?page=entreprise.EntrepriseDetailConsultation&refConsultation=1022731&orgAcronyme=g3h
29/07/2026,06/CC/2026,L’Achat de Fournitures pour Matériels Informatiques  Au Profit de la Cour de Cassation–En lot unique-,CHEF DU SERVICE DES RESSOURCES HUMAINES ET DES AFFAIRES FINANCIÈRES AUPRÈS DE LA CIRCONSCRIPTION JUDICIAIRE DE LA COUR D'APPEL DE RABAT,RABAT,"{'date': '10/08/2026', 'time': '10:00'}","838 560,00","16 000,00 MAD ",https://www.marchespublics.gov.ma/index.php?page=entreprise.EntrepriseDetailConsultation&refConsultation=1027680&orgAcronyme=t5y
29/07/2026,24/2026/INDH,ACQUISITION DES ARTICLES POUR L’EQUIPEMENT D’UNE SALLE MULTISENSORIELLE AU PROFIT DE L’ASSOCIATION RBC.,GOUVERNEUR DE CHEFCHAOUEN,CHEFCHAOUEN,"{'date': '10/08/2026', 'time': '09:30'}","200 000,00","4 000,00 MAD ",https://www.marchespublics.gov.ma/index.php?page=entreprise.EntrepriseDetailConsultation&refConsultation=1023337&orgAcronyme=g3h
24/07/2026,05/2026/BG,ACHAT DE MATERIEL INFORMATIQUE POUR SIEGE DE LA PROVINCE REHAMNA,GOUVERNEUR DE LA PROVINCE DE RHAMNA,REHAMNA,"{'date': '07/08/2026', 'time': '12:00'}","353 400,00","7 000,00 MAD ",https://www.marchespublics.gov.ma/index.php?page=entreprise.EntrepriseDetailConsultation&refConsultation=1025652&orgAcronyme=g3h
15/07/2026,33/2026/SAD/GSTTTA,L’Achat de Matériel informatique pour les besoins du Groupement Sanitaire Territorial Tanger Tétouan Al-Hoceima en lot unique.,GROUPEMENT SANITAIRE TERRITORIAL TANGER - TETOUAN - AL HOCEIMA,TANGER-ASSILAH,"{'date': '07/08/2026', 'time': '11:30'}","7 994 400,00","120 000,00 MAD ",https://www.marchespublics.gov.ma/index.php?page=entreprise.EntrepriseDetailConsultation&refConsultation=1023802&orgAcronyme=q9t
15/07/2026,28/2026/SAD/GSTTTA,Achat de Fournitures Informatiques pour les besoins du Groupement Sanitaire Territorial Tanger Tétouan Al-Hoceima en Lot unique,GROUPEMENT SANITAIRE TERRITORIAL TANGER - TETOUAN - AL HOCEIMA,TANGER-ASSILAH,"{'date': '07/08/2026', 'time': '11:00'}","1 179 000,00","17 500,00 MAD ",https://www.marchespublics.gov.ma/index.php?page=entreprise.EntrepriseDetailConsultation&refConsultation=1023401&orgAcronyme=q9t
16/07/2026,AO/123/2026,"RENOUVELLEMENT DES LICENCES DE LA SOLUTION DE SAUVEGARDES
  pour le Compte de la Sté. AL Omrane Fès / Meknès",SOCIETE AL OMRANE FES MEKNES,FES,"{'date': '07/08/2026', 'time': '11:00'}","58 560,00","1 000,00 MAD ",https://www.marchespublics.gov.ma/index.php?page=entreprise.EntrepriseDetailConsultation&refConsultation=1024230&orgAcronyme=j8k
24/07/2026,04/2026/BG,ACHAT DE  MATERIEL INFORMATIQUE  POUR LES COMMANDEMENTS RELEVANT DE LA PROVINCE RHAMNA,GOUVERNEUR DE LA PROVINCE DE RHAMNA,REHAMNA,"{'date': '07/08/2026', 'time': '11:00'}","233 400,00","4 000,00 MAD ",https://www.marchespublics.gov.ma/index.php?page=entreprise.EntrepriseDetailConsultation&refConsultation=1025648&orgAcronyme=g3h
14/07/2026,15/2026/so3303up,Achat des fournitures pour matériel technique et informatique -Province de Sidi Kacem-Lot unique.,GOUVERNEUR DE LA PROVINCE DE SIDI KACEM,Province de Sidi Kacem,"{'date': '07/08/2026', 'time': '10:30'}","432 060,00","8 500,00 MAD ",https://www.marchespublics.gov.ma/index.php?page=entreprise.EntrepriseDetailConsultation&refConsultation=1021844&orgAcronyme=g3h
16/07/2026,62/2026/OFPPT,"L’acquisition des équipements Informatiques destinés aux Cités des Métiers et des Compétences FES & ERRACHIDIA, répartie en lots suivants :

	Lot N° 01 : Ordinateurs de bureau tout en un 
	Lot N° 02 : Accessoires numériques
	Lot N° 03 : Serveurs et switch",OFFICE DE LA FORMATION PROFESSIONNELLE ET DE LA PROMOTION DU TRAVAIL,FES,"{'date': '07/08/2026', 'time': '10:00'}",,,https://www.marchespublics.gov.ma/index.php?page=entreprise.EntrepriseDetailConsultation&refConsultation=1023855&orgAcronyme=o4d
24/07/2026,18/202/DPJT,Acquisition de licences d’antivirus pour le compte de la Circonscription Judiciaire de Tanger,DIRECTION PROVINCIALE DE LA JUSTICE A TANGER,TANGER-ASSILAH,"{'date': '06/08/2026', 'time': '12:00'}","480 000,00","9 000,00 MAD ",https://www.marchespublics.gov.ma/index.php?page=entreprise.EntrepriseDetailConsultation&refConsultation=1015670&orgAcronyme=t5y
24/07/2026,31/BG/2026,Equipement en Matériel informatique du siège de la province de Larache.,GOUVERNEUR DE LA PROVINCE DE LARACHE,LARACHE,"{'date': '06/08/2026', 'time': '12:00'}","547 560,00","10 000,00 MAD ",https://www.marchespublics.gov.ma/index.php?page=entreprise.EntrepriseDetailConsultation&refConsultation=1024798&orgAcronyme=g3h
22/07/2026,04/BP/2026,ACQUISITION ET MISE EN SERVICE DE MATERIEL TECHNIQUE ET INFORMATIQUE AU PROFIT DU CONSEIL PROVINCIAL D’OUARZAZATE,Province de  OUARZAZATE,Province d'Ouarzazate,"{'date': '06/08/2026', 'time': '11:00'}","234 408,00","4 600,00 MAD ",https://www.marchespublics.gov.ma/index.php?page=entreprise.EntrepriseDetailConsultation&refConsultation=1012734&orgAcronyme=f9f
14/07/2026,04/2026,L’ACHAT DE MATÉRIEL INFORMATIQUE ET DE LOGICIELS AU PROFIT DU ROYAL GOLF RABAT DAR ES SALAM EN LOT UNIQUE.,ROYAL GOLF DAR ES SALAM,Wilaya de Rabat,"{'date': '06/08/2026', 'time': '11:00'}","582 739,20","10 000,00 MAD ",https://www.marchespublics.gov.ma/index.php?page=entreprise.EntrepriseDetailConsultation&refConsultation=1016133&orgAcronyme=a1t
14/07/2026,50/2026/ABHS,Fourniture de matériel informatique et de licences Microsoft,AGENCE DU BASSIN HYDRAULIQUE DU SEBOU,FES,"{'date': '06/08/2026', 'time': '11:00'}","846 948,00","15 000,00 MAD ",https://www.marchespublics.gov.ma/index.php?page=entreprise.EntrepriseDetailConsultation&refConsultation=1023556&orgAcronyme=d4q
15/07/2026,39/2026/ABHL,ACHAT DE MATERIEL INFORMATIQUES AU PROFIT DE L’ABHL,AGENCE DU BASSIN HYDRAULIQUE DU LOUKKOS,TETOUAN,"{'date': '06/08/2026', 'time': '11:00'}","495 000,00","9 000,00 MAD ",https://www.marchespublics.gov.ma/index.php?page=entreprise.EntrepriseDetailConsultation&refConsultation=1023597&orgAcronyme=d4q
15/07/2026,60/2026/OFPPT,"Acquisition des équipements informatiques destinés à la Cité des Métiers et des Compétences de Guelmim, répartie en lots suivants :
•	Lot n°01 : Microordinateurs
•	Lot n°02 : Ordinateurs portables
•	Lot n°03 : Accessoires numériques
•	Lot n°04 : Serveurs et switch",OFFICE DE LA FORMATION PROFESSIONNELLE ET DE LA PROMOTION DU TRAVAIL,GUELMIM,"{'date': '06/08/2026', 'time': '10:00'}",,,https://www.marchespublics.gov.ma/index.php?page=entreprise.EntrepriseDetailConsultation&refConsultation=1023680&orgAcronyme=o4d
14/07/2026,11/2026/DRCAO,Acquisition du matériel informatiques pour les besoins des antennes du Centre Régional des Jeunes Entrepreneurs Agricole au niveau du SPMOCA de Bouarfa et du Driouch et le CCA de Ain Béni Mathar dans le cadre du programme IHYAE.,"OFFICE NATIONAL DU CONSEIL AGRICOLE, DIRECTION REGIONALE DE L'ORIENTAL",OUJDA-ANGAD,"{'date': '05/08/2026', 'time': '14:00'}","147 600,00","3 000,00 MAD ",https://www.marchespublics.gov.ma/index.php?page=entreprise.EntrepriseDetailConsultation&refConsultation=1023005&orgAcronyme=q1s
14/07/2026,03/2026,"L’ACHAT DE FOURNITURES POUR LE MATERIEL INFORMATIQUE DU ROYAL GOLF RABAT DAR ES SALAM, EN LOT UNIQUE.",ROYAL GOLF DAR ES SALAM,Wilaya de Rabat,"{'date': '05/08/2026', 'time': '11:00'}","591 612,00","10 000,00 MAD ",https://www.marchespublics.gov.ma/index.php?page=entreprise.EntrepriseDetailConsultation&refConsultation=1016053&orgAcronyme=a1t
13/07/2026,84/2026,"Acquisition, installation et configuration du système de gestion de temps, de présence et d’accès pour le siège central de l’ONSSA- Lot unique",OFFICE NATIONAL DE SECURITE SANITAIRE DES PRODUITS ALIMENTAIRES,RABAT,"{'date': '05/08/2026', 'time': '11:00'}","99 960,00","1 200,00 MAD ",https://www.marchespublics.gov.ma/index.php?page=entreprise.EntrepriseDetailConsultation&refConsultation=1022222&orgAcronyme=q1s
20/07/2026,21/2026/DAFTMM,ACHAT DE MATERIEL INFORMATIQUE POUR LA COMMUNE MECHOUAR KASBAH,Commune urbaine de MECHOUAR-KESBA,MARRAKECH,"{'date': '04/08/2026', 'time': '11:00'}","468 300,00","9 000,00 MAD ",https://www.marchespublics.gov.ma/index.php?page=entreprise.EntrepriseDetailConsultation&refConsultation=1019570&orgAcronyme=j0w
23/07/2026,09/INDH/2026,ACQUISITION DES EQUIPEMENTS NECESSAIRES AU FONCTIONNEMENT DE DAR TALIBA A LA COMMUNE TERRITORIALE JABRIA RELEVANT DE LA PROVINCE DE SIDI BENNOUR.,GOUVERNEUR DE LA PROVINCE DE SIDI BENNOUR,Sidi Bennour,"{'date': '04/08/2026', 'time': '11:00'}","800 000,00","15 000,00 MAD ",https://www.marchespublics.gov.ma/index.php?page=entreprise.EntrepriseDetailConsultation&refConsultation=1021463&orgAcronyme=g3h
24/07/2026,37/2026/Y/INV,"ACQUISITION DU MATERIEL DE BUREAU DESTINE AU CENTRE DE LA DEUXIEME CHANCE/NOUVELLE GENERATION, A LA CT EL GANTOUR, ET DU MATERIEL INFORMATIQUE DESTINE A LA SALLE  D’EDUCATION INCLUSIVE DU S/S KHMIS ZIMA, A LA CT CHEMAIA, RELEVANT DE LA DIRECTION PROVINCIALE DE YOUSSOUFIA, AREF MS.",DIRECTION PROVINCIALE DE L’EDUCATION NATIONALE DE DE YOUSSOUFIA,MAROC,"{'date': '04/08/2026', 'time': '11:00'}","75 600,00","1 500,00 MAD ",https://www.marchespublics.gov.ma/index.php?page=entreprise.EntrepriseDetailConsultation&refConsultation=1027105&orgAcronyme=p8x
21/07/2026,06/2026/ANLCA,achat de matériels informatiques au profit des Directions Régionales de l’Agence Nationale de Lutte Contre l’Analphabétisme en lot unique.,AGENCE NATIONALE DE LUTTE CONTRE L'ANALPHABETISME,RABAT,"{'date': '04/08/2026', 'time': '10:30'}","232 800,00","4 000,00 MAD ",https://www.marchespublics.gov.ma/index.php?page=entreprise.EntrepriseDetailConsultation&refConsultation=1025852&orgAcronyme=p8x
22/07/2026,17/2026/DAASI,Achat de fournitures pour matériel informatique destinées au Département de la Transition Energétique à Rabat.,"MINISTERE DE LA TRANSITION ENERGETIQUE ET DU DEVELOPPEMENT DURABLE, DEPARTEMENT DE LA TRANSITION ENERGETIQUE",RABAT,"{'date': '04/08/2026', 'time': '10:00'}","812 544,00","12 000,00 MAD ",https://www.marchespublics.gov.ma/index.php?page=entreprise.EntrepriseDetailConsultation&refConsultation=1015528&orgAcronyme=d4q
22/07/2026,13/2026/DGR,ACHAT DE MATERIELS INFORMATIQUES POUR LE COMPTE DE LA DIRECTION GENERALE DES ROUTES (LOT UNIQUE).,Direction  Générale des Routes,Wilaya de Rabat,"{'date': '04/08/2026', 'time': '10:00'}","500 880,00","10 000,00 MAD ",https://www.marchespublics.gov.ma/index.php?page=entreprise.EntrepriseDetailConsultation&refConsultation=1020268&orgAcronyme=o8p
20/07/2026,10/2026,Achat de fournitures informatiques pour le compte des tribunaux de la circonscription judiciaire de la Cour d’Appel de Nador (lot unique).,DIRECTION PROVINCIALE DE LA JUSTICE DE NADOR,NADOR,"{'date': '04/08/2026', 'time': '10:00'}","999 940,80","18 000,00 MAD ",https://www.marchespublics.gov.ma/index.php?page=entreprise.EntrepriseDetailConsultation&refConsultation=1022196&orgAcronyme=t5y
13/07/2026,119/2026,FOURNITURE ET INSTALLATION DE MATERIEL INFORMATIQUE POUR LE COMPTE DE LA SOCIETE AL OMRANE MARRAKECH-SAFI A MARRAKECH,SOCIETE AL OMRANE MARRAKECH - SAFI,MARRAKECH,"{'date': '04/08/2026', 'time': '10:00'}","382 650,00","5 000,00 MAD ",https://www.marchespublics.gov.ma/index.php?page=entreprise.EntrepriseDetailConsultation&refConsultation=1022238&orgAcronyme=j8k
13/07/2026,24/2026/AREP/MS,Achat de matériel informatique pour le compte de l’Agence Régionale d’Exécution des Projets - Marrakech Safi.,AGENCE REGIONALE D'EXECUTION DES PROJETS DE LA REGION MARRAKECH SAFI,MARRAKECH,"{'date': '04/08/2026', 'time': '10:00'}","425 760,00","7 000,00 MAD ",https://www.marchespublics.gov.ma/index.php?page=entreprise.EntrepriseDetailConsultation&refConsultation=1022694&orgAcronyme=j0w
23/07/2026,26/2026,ACHAT DU MATERIEL INFORMATIQUE AU PROFIT DU CENTRE HOSPITALIER PROVINCIAL D'EL JADIDA,DIRECTEUR DU CENTRE HOSPITALIER PROVINCIAL D'EL JADIDA,EL JADIDA,"{'date': '04/08/2026', 'time': '10:00'}","345 000,00","5 000,00 MAD ",https://www.marchespublics.gov.ma/index.php?page=entreprise.EntrepriseDetailConsultation&refConsultation=1022767&orgAcronyme=q9t
22/07/2026,31/2026/BG,l’acquisition de matériel informatique au profit des postes de commandement et de diverses divisions relevant de la Province de Tiznit.,GOUVERNEUR DE LA PROVINCE DE TIZNIT,TIZNIT,"{'date': '04/08/2026', 'time': '10:00'}","555 600,00","10 000,00 MAD ",https://www.marchespublics.gov.ma/index.php?page=entreprise.EntrepriseDetailConsultation&refConsultation=1023605&orgAcronyme=g3h
20/07/2026,07/2026/CARDT,Formation au profit du personnel de la chambre d’agriculture de la Région Draa Tafilalet,CHAMBRE D'AGRICULTURE DE LA REGION DRAA TAFILALET,CASABLANCA,"{'date': '04/08/2026', 'time': '10:00'}","94 600,00","1 600,00 MAD ",https://www.marchespublics.gov.ma/index.php?page=entreprise.EntrepriseDetailConsultation&refConsultation=1025117&orgAcronyme=q1s
21/07/2026,10FSJESAC/2026,"ACQUISITION, INSTALLATION ET MISE EN SERVICE D’UNE SOLUTION WEB OPÉRATIONNELLE, PRÊTE À L’EMPLOI, POUR LA GESTION DU CYCLE COMPLET DES ACHATS PUBLICS AU PROFIT DE LA FACULTÉ DES SCIENCES JURIDIQUES ECONOMIQUES ET SOCIALES AIN CHOCK","FACULTE DES SCIENCES JURIDIQUES, ECONOMIQUES ET SOCIALES  AIN CHOCK- CASABLANCA",CASABLANCA,"{'date': '04/08/2026', 'time': '10:00'}","240 000,00","2 800,00 MAD ",https://www.marchespublics.gov.ma/index.php?page=entreprise.EntrepriseDetailConsultation&refConsultation=1025655&orgAcronyme=z7x
17/07/2026,20/2026/MAECAMRE,ACQUISITION DE MATERIEL ET LOGICIELS INFORMATIQUES POUR LE COMPTE DU MINISTERE DES AFFAIRES ETRANGERES DE LA COOPERATION AFRICAINE ET DES MAROCAINS RESIDANT A L'ETRANGER A RABAT,"MINISTERE DES AFFAIRES ETRANGERES, DE LA COOPERATION AFRICAINE ET DES MAROCAINS RESIDANT A L'ETRANGER",RABAT,"{'date': '03/08/2026', 'time': '11:00'}","999 840,00","19 000,00 MAD ",https://www.marchespublics.gov.ma/index.php?page=entreprise.EntrepriseDetailConsultation&refConsultation=1016577&orgAcronyme=d2f
22/07/2026,01/VE/2026,"Vente aux enchères publiques d’une voiture utilitaire Carburant Diesel de type Ludospace et de divers débarras en métaux, bois, semi-métalliques et plastiques ; en 2 lots.",FACULTE DES SCIENCES ET TECHNIQUES DE FES,MAROC,"{'date': '03/08/2026', 'time': '11:00'}",,,https://www.marchespublics.gov.ma/index.php?page=entreprise.EntrepriseDetailConsultation&refConsultation=1026087&orgAcronyme=z7x
21/07/2026,06/CRMEF/2026,Acquisition de Matériel informatique et logiciels au profit du Centre Régional des Métiers de l’Education et de la Formation Région Marrakech Safi et ses annexes en lot unique.,CENTRE REGIONAL DES METIERS DE L'EDUCATION ET DE FORMATION MARRAKECH SAFI,MARRAKECH,"{'date': '03/08/2026', 'time': '10:30'}","685 620,00","13 700,00 MAD ",https://www.marchespublics.gov.ma/index.php?page=entreprise.EntrepriseDetailConsultation&refConsultation=1025819&orgAcronyme=p8x
21/07/2026,25/INDH/PSS/2026,"ACQUISITION D’EQUIPEMENTS AU PROFIT DE L’ÉCOLE DE LA DEUXIEME CHANCE –NOUVELLE GENERATION DU FOYER FEMININ AZGHAR, DU CENTRE SOCIAL BNI FDAL, DU CENTRE SOCIAL DOUAGHER LALLA YETTOU ET DU CENTRE D’EPANOUISSEMENT SCOLAIRE « GENERATIONS MONTANTES » A LA VILLE DE SIDI SLIMANE–PROVINCE DE SIDI SLIMANE-LOT UNIQUE",Province Sidi Slimane,SIDI SLIMANE,"{'date': '03/08/2026', 'time': '10:00'}","717 684,00","12 000,00 MAD ",https://www.marchespublics.gov.ma/index.php?page=entreprise.EntrepriseDetailConsultation&refConsultation=1023275&orgAcronyme=g3h
23/07/2026,06/2026/BG/PG,Achat de fournitures pour le matériel informatique destinées aux services et postes de commandement relevant de la Province de Guercif,Province de Guercif,GUERCIF,"{'date': '03/08/2026', 'time': '10:00'}","375 000,00","7 000,00 MAD ",https://www.marchespublics.gov.ma/index.php?page=entreprise.EntrepriseDetailConsultation&refConsultation=1023404&orgAcronyme=g3h
22/07/2026,136/2026/SAO,TRAVAUX DE RESEAU TELEPHONIQUE GENIE CIVIL ET CABLAGE DU LOTISSEMENT ARRAHMA TR1 A OUJDA –PREFECTURE OUJDA ANGAD-.,SOCIETE ALOMRANE REGION DE L’ORIENTAL,OUJDA-ANGAD,"{'date': '03/08/2026', 'time': '10:00'}","581 280,00","8 000,00 MAD ",https://www.marchespublics.gov.ma/index.php?page=entreprise.EntrepriseDetailConsultation&refConsultation=1026247&orgAcronyme=j8k
22/07/2026,06/2026/CAGCS,ACHAT ET INSTALLATION DE MATERIEL INFORMATIQUE POUR LE COMPTE DE LA CHAMBRE D’AGRICULTURE DE LA REGION CASABLANCA SETTAT,Chambre d'Agriculture de la Région Casasblanca - Settat,EL JADIDA,"{'date': '03/08/2026', 'time': '09:00'}","144 000,00","2 800,00 MAD ",https://www.marchespublics.gov.ma/index.php?page=entreprise.EntrepriseDetailConsultation&refConsultation=1026343&orgAcronyme=q1s
15/07/2026,12IUH2C/2026,Achat de matériel informatique au profit de la Faculté de Médecine Dentaire de Casablanca,PRESIDENT DE L'UNIVERSITE HASSAN II DE CASABLANCA,CASABLANCA,"{'date': '31/07/2026', 'time': '09:45'}","314 436,00","6 000,00 MAD ",https://www.marchespublics.gov.ma/index.php?page=entreprise.EntrepriseDetailConsultation&refConsultation=1023658&orgAcronyme=z7x
15/07/2026,16/2026,ACHAT DE MATERIELS  INFORMATIQUES POUR   LE  CENTRE HOSPITALIER REGIONAL DE FES,CENTRE HOSPITALIER REGIONAL DE FES,FES,"{'date': '30/07/2026', 'time': '11:00'}","1 190 226,00","13 000,00 MAD ",https://www.marchespublics.gov.ma/index.php?page=entreprise.EntrepriseDetailConsultation&refConsultation=1020858&orgAcronyme=q9t
15/07/2026,55/2026/EXP.IFNI,ACHAT DE FOURNITURES DE BUREAU ET INFORMATIQUES DESTINEES AUX ETABLISSEMENTS D'ENSEIGNEMENT PRIMAIRE ET COLLEGIAL ET QUALIFIANT DE LA DP RELEVANT DE LA DIRECTION PROVINCIALE DE SIDI IFNI AREF GON,DIRECTION PROVINCIALE DE L’EDUCATION NATIONALE DE SIDI IFNI,SIDI IFNI,"{'date': '29/07/2026', 'time': '12:00'}","279 433,20","5 500,00 MAD ",https://www.marchespublics.gov.ma/index.php?page=entreprise.EntrepriseDetailConsultation&refConsultation=1023857&orgAcronyme=p8x
17/07/2026,05/UMPO/2026,l’achat de matériel informatique au profit de la Présidence de l’Université Mohammed Premier d’Oujda en lot unique,PRESIDENCE DE L'UNIVERSITE MOHAMMED I,Wialya de Oujda Angad,"{'date': '29/07/2026', 'time': '10:00'}","544 704,00","10 000,00 MAD ",https://www.marchespublics.gov.ma/index.php?page=entreprise.EntrepriseDetailConsultation&refConsultation=1024701&orgAcronyme=z7x
17/07/2026,14/Portnet/2026,la passation d'un marché reconductible pour la souscription d'abonnements à des services digitaux premium de type cloud et d'intelligence artificielle au profit de PORTNET S.A. en lot unique,SOCIETE PORTNET SA,CASABLANCA,"{'date': '28/07/2026', 'time': '11:00'}","606 470,40","12 000,00 MAD ",https://www.marchespublics.gov.ma/index.php?page=entreprise.EntrepriseDetailConsultation&refConsultation=1024997&orgAcronyme=o8p
14/07/2026,23/2026/AMMPS,"ACQUISITION, INSTALLATION, QUALIFICATION ET MISE EN SERVICE D’UNE SOLUTION DE MONITORING DES CONDITIONS ENVIRONNEMENTALES AU PROFIT DE L'AGENCE MAROCAINE DU MEDICAMENT ET DES PRODUITS DE SANTE",AGENCE MAROCAINE DU MEDICAMENT ET DES PRODUITS DE SANTE,RABAT,"{'date': '28/07/2026', 'time': '10:30'}","1 040 040,00","20 000,00 MAD ",https://www.marchespublics.gov.ma/index.php?page=entreprise.EntrepriseDetailConsultation&refConsultation=1022763&orgAcronyme=q9t
15/07/2026,01/PDU/2026/ALOMRANE_SOUSS_MASSA,"La Réalisation des travaux de construction du Grand théâtre d’Agadir Lot: Réseau VDI-IP actif, Commune Territoriale d’Agadir, Préfecture Agadir Ida-Outanane.",SOCIETE AL OMRANE SOUSS MASSA,AGADIR IDA OU TANANE,"{'date': '28/07/2026', 'time': '10:00'}","1 199 424,20","15 000,00 MAD ",https://www.marchespublics.gov.ma/index.php?page=entreprise.EntrepriseDetailConsultation&refConsultation=1021611&orgAcronyme=j8k
17/07/2026,12/Portnet/2026,La passation d’un marché reconductible pour la prestation de maintenance et assistance technique des commutateurs fédérateurs pour le compte de PORTNET SA En lot unique,SOCIETE PORTNET SA,CASABLANCA,"{'date': '28/07/2026', 'time': '10:00'}","261 600,00","5 000,00 MAD ",https://www.marchespublics.gov.ma/index.php?page=entreprise.EntrepriseDetailConsultation&refConsultation=1024547&orgAcronyme=o8p
15/07/2026,08/2026/ch,Fournitures pour matériel technique et informatique. (ACHAT DE TONER).,Commune HARBIL,MARRAKECH,"{'date': '27/07/2026', 'time': '12:00'}","219 690,00","4 000,00 MAD ",https://www.marchespublics.gov.ma/index.php?page=entreprise.EntrepriseDetailConsultation&refConsultation=995409&orgAcronyme=j0w
13/07/2026,6/ESTC/2026,"Achat de matériel informatique et logiciels pour l’Ecole Supérieure de Technologie de Casablanca en 3 lots.
Lot N° 1 : Achat d'ordinateur de Bureau-imprimantes -scanner
Lot N° 2 : Achat d'Ordinateur Portable
Lot N° 3 : Achat de Logiciels",ECOLE ECOLE SUPERIEURE DE TECHNOLOGIE - CASABLANCA,CASABLANCA,"{'date': '27/07/2026', 'time': '10:30'}",,,https://www.marchespublics.gov.ma/index.php?page=entreprise.EntrepriseDetailConsultation&refConsultation=1022942&orgAcronyme=z7x
15/07/2026,03/2026,l’Achat de fournitures pour le matériel informatique  pour le compte de l’Institut Supérieur de l’Information et de la Communication (lot unique).,INSTITUT SUPERIEUR DE L'INFORMATION ET DE LA COMMUNICATION,RABAT,"{'date': '27/07/2026', 'time': '10:00'}","109 440,00","2 000,00 MAD ",https://www.marchespublics.gov.ma/index.php?page=entreprise.EntrepriseDetailConsultation&refConsultation=1009345&orgAcronyme=x6c
16/07/2026,55/2026/2,"ACHAT D’UNE SOLUTION DE GESTION DE FIL D'ATTENTE DESTINÉ AU CHU DE LAAYOUN. 
(Lot unique)",DIRECTEUR DES EQUIPEMENTS ET DE MAINTENANCE RABAT,LAAYOUNE,"{'date': '27/07/2026', 'time': '10:00'}","840 000,00","9 000,00 MAD ",https://www.marchespublics.gov.ma/index.php?page=entreprise.EntrepriseDetailConsultation&refConsultation=1021381&orgAcronyme=q9t
15/07/2026,04/2026/INDH,Acquisition de matériel informatique au profit de la Préfecture de Mohammedia,GOUVERNEUR DE LA PREFECTURE DE MOHAMMADIA,MOHAMMADIA,"{'date': '27/07/2026', 'time': '10:00'}","458 395,20","9 000,00 MAD ",https://www.marchespublics.gov.ma/index.php?page=entreprise.EntrepriseDetailConsultation&refConsultation=1021679&orgAcronyme=g3h
16/07/2026,03/2026,L’ACHAT DE MATERIEL INFORMATIQUE POUR LE SIEGE ET POSTE DE COMMANDEMENT AU PROFIT DE LA PROVINCE DE YOUSSOUFIA.,Gouverneur de la Province de Youssoufia,Province de Youssoufia,"{'date': '27/07/2026', 'time': '10:00'}","450 000,00","8 500,00 MAD ",https://www.marchespublics.gov.ma/index.php?page=entreprise.EntrepriseDetailConsultation&refConsultation=1024232&orgAcronyme=g3h
